,OBJECTID,Province_State,Country_Region,Last_Update,Lat,Long_,Confirmed,Recovered,Deaths,Active,Admin2,FIPS,Combined_Key
0,1,,Afghanistan,1621603255000.0,33.93911,67.709953,64575,55790,2772,6013,,,Afghanistan
1,2,,Albania,1621603255000.0,41.1533,20.1683,132118,127869,2440,1809,,,Albania
2,3,,Algeria,1621603255000.0,28.0339,1.6596,126156,87902,3401,34853,,,Algeria
3,4,,Andorra,1621603255000.0,42.5063,1.5218,13569,13234,127,208,,,Andorra
4,5,,Angola,1621603255000.0,-11.2027,17.8739,31661,26483,704,4474,,,Angola
5,6,,Antigua and Barbuda,1621603255000.0,17.0608,-61.7964,1255,1188,42,25,,,Antigua and Barbuda
6,7,,Argentina,1621603255000.0,-38.4161,-63.6167,3447044,3035134,72699,339211,,,Argentina
7,8,,Armenia,1621603255000.0,40.0691,45.0382,221699,210464,4371,6864,,,Armenia
8,9,Australian Capital Territory,Australia,1621603255000.0,-35.4735,149.0124,124,121,3,0,,,"Australian Capital Territory, Australia"
9,10,New South Wales,Australia,1621603255000.0,-33.8688,151.2093,5567,0,54,5513,,,"New South Wales, Australia"
10,11,Northern Territory,Australia,1621603255000.0,-12.4634,130.8456,170,165,0,5,,,"Northern Territory, Australia"
11,12,Queensland,Australia,1621603255000.0,-27.4698,153.0251,1595,1572,7,16,,,"Queensland, Australia"
12,13,South Australia,Australia,1621603255000.0,-34.9285,138.6007,748,739,4,5,,,"South Australia, Australia"
13,14,Tasmania,Australia,1621603255000.0,-42.8821,147.3272,234,221,13,0,,,"Tasmania, Australia"
14,15,Victoria,Australia,1621603255000.0,-37.8136,144.9631,20546,19708,820,18,,,"Victoria, Australia"
15,16,Western Australia,Australia,1621603255000.0,-31.9505,115.8605,1016,1002,9,5,,,"Western Australia, Australia"
16,17,,Austria,1621603255000.0,47.5162,14.5501,640293,620837,10534,8922,,,Austria
17,18,,Azerbaijan,1621603255000.0,40.1431,47.5769,331477,318502,4828,8147,,,Azerbaijan
18,19,,Bahamas,1621603255000.0,25.025885,-78.035889,11396,10221,222,953,,,Bahamas
19,20,,Bahrain,1621603255000.0,26.0275,50.55,209293,189962,787,18544,,,Bahrain
20,21,,Bangladesh,1621603255000.0,23.685,90.3563,786698,729039,12310,45349,,,Bangladesh
21,22,,Barbados,1621603255000.0,13.1939,-59.5432,3975,3922,47,6,,,Barbados
22,23,,Belarus,1621603255000.0,53.7098,27.9534,383302,373391,2752,7159,,,Belarus
23,24,Antwerp,Belgium,1621603255000.0,51.2195,4.4024,134568,0,0,134568,,,"Antwerp, Belgium"
24,25,Brussels,Belgium,1621603255000.0,50.8503,4.3517,127875,0,0,127875,,,"Brussels, Belgium"
25,26,East Flanders,Belgium,1621603255000.0,51.0362,3.7373,119814,0,0,119814,,,"East Flanders, Belgium"
26,27,Flemish Brabant,Belgium,1621603255000.0,50.9167,4.5833,79257,0,0,79257,,,"Flemish Brabant, Belgium"
27,28,Hainaut,Belgium,1621603255000.0,50.5257,4.0621,153705,0,0,153705,,,"Hainaut, Belgium"
28,29,Liege,Belgium,1621603255000.0,50.4496,5.8492,126133,0,0,126133,,,"Liege, Belgium"
29,30,Limburg,Belgium,1621603255000.0,50.9739,5.342,58501,0,0,58501,,,"Limburg, Belgium"
30,31,Luxembourg,Belgium,1621603255000.0,50.0547,5.4677,30395,0,0,30395,,,"Luxembourg, Belgium"
31,32,Namur,Belgium,1621603255000.0,50.331,4.8221,57857,0,0,57857,,,"Namur, Belgium"
32,33,Unknown,Belgium,1621603255000.0,,,19831,0,24794,-4963,,,"Unknown, Belgium"
33,34,Walloon Brabant,Belgium,1621603255000.0,50.4,4.35,39680,0,0,39680,,,"Walloon Brabant, Belgium"
34,35,West Flanders,Belgium,1621603255000.0,51.0536,3.1458,94090,0,0,94090,,,"West Flanders, Belgium"
35,36,,Belize,1621603255000.0,17.1899,-88.4976,12761,12349,323,89,,,Belize
36,37,,Benin,1621603255000.0,9.3077,2.3158,8025,7893,101,31,,,Benin
37,38,,Bhutan,1621603255000.0,27.5142,90.4336,1338,1186,1,151,,,Bhutan
38,39,,Bolivia,1621603255000.0,-16.2902,-63.5887,343065,277711,13780,51574,,,Bolivia
39,40,,Bosnia and Herzegovina,1621603255000.0,43.9159,17.6791,203018,171332,9096,22590,,,Bosnia and Herzegovina
40,41,,Botswana,1621603255000.0,-22.3285,24.6849,51620,48449,784,2387,,,Botswana
41,42,Acre,Brazil,1621603255000.0,-9.0238,-70.812,80797,73085,1632,6080,,,"Acre, Brazil"
42,43,Alagoas,Brazil,1621603255000.0,-9.5713,-36.782,187085,177282,4554,5249,,,"Alagoas, Brazil"
43,44,Amapa,Brazil,1621603255000.0,0.902,-52.003,109777,82294,1645,25838,,,"Amapa, Brazil"
44,45,Amazonas,Brazil,1621603255000.0,-3.4168,-65.8561,381036,326120,12903,42013,,,"Amazonas, Brazil"
45,46,Bahia,Brazil,1621603255000.0,-12.5797,-41.7007,971450,932687,20205,18558,,,"Bahia, Brazil"
46,47,Ceara,Brazil,1621603255000.0,-5.4984,-39.3206,756076,526179,19573,210324,,,"Ceara, Brazil"
47,48,Distrito Federal,Brazil,1621603255000.0,-15.7998,-47.8645,396087,378885,8422,8780,,,"Distrito Federal, Brazil"
48,49,Espirito Santo,Brazil,1621603255000.0,-19.1834,-40.3089,466024,437961,10410,17653,,,"Espirito Santo, Brazil"
49,50,Goias,Brazil,1621603255000.0,-15.827,-49.8362,590072,556945,16406,16721,,,"Goias, Brazil"
50,51,Maranhao,Brazil,1621603255000.0,-4.9609,-45.2744,282305,249760,7821,24724,,,"Maranhao, Brazil"
51,52,Mato Grosso,Brazil,1621603255000.0,-12.6819,-56.9211,387932,366623,10421,10888,,,"Mato Grosso, Brazil"
52,53,Mato Grosso do Sul,Brazil,1621603255000.0,-20.7722,-54.7852,271319,249323,6350,15646,,,"Mato Grosso do Sul, Brazil"
53,54,Minas Gerais,Brazil,1621603255000.0,-18.5122,-44.555,1492530,1375458,38222,78850,,,"Minas Gerais, Brazil"
54,55,Para,Brazil,1621603255000.0,-1.9981,-54.9306,505239,471494,14115,19630,,,"Para, Brazil"
55,56,Paraiba,Brazil,1621603255000.0,-7.24,-36.782,313077,213874,7336,91867,,,"Paraiba, Brazil"
56,57,Parana,Brazil,1621603255000.0,-25.2521,-52.0215,1046917,726607,25203,295107,,,"Parana, Brazil"
57,58,Pernambuco,Brazil,1621603255000.0,-8.8137,-36.9541,452721,381891,15192,55638,,,"Pernambuco, Brazil"
58,59,Piaui,Brazil,1621603255000.0,-7.7183,-42.7289,262027,255249,5697,1081,,,"Piaui, Brazil"
59,60,Rio Grande do Norte,Brazil,1621603255000.0,-5.4026,-36.9541,254479,150649,5923,97907,,,"Rio Grande do Norte, Brazil"
60,61,Rio Grande do Sul,Brazil,1621603255000.0,-30.0346,-51.2177,1049279,1003639,27167,18473,,,"Rio Grande do Sul, Brazil"
61,62,Rio de Janeiro,Brazil,1621603255000.0,-22.9068,-43.1729,833014,770379,49036,13599,,,"Rio de Janeiro, Brazil"
62,63,Rondonia,Brazil,1621603255000.0,-11.5057,-63.5806,224144,211039,5565,7540,,,"Rondonia, Brazil"
63,64,Roraima,Brazil,1621603255000.0,-2.7376,-62.0751,101004,94757,1589,4658,,,"Roraima, Brazil"
64,65,Santa Catarina,Brazil,1621603255000.0,-27.2423,-50.2189,940028,901919,14679,23430,,,"Santa Catarina, Brazil"
65,66,Sao Paulo,Brazil,1621603255000.0,-23.5505,-46.6333,3147348,2816930,106437,223981,,,"Sao Paulo, Brazil"
66,67,Sergipe,Brazil,1621603255000.0,-10.5741,-37.3857,221542,200282,4831,16429,,,"Sergipe, Brazil"
67,68,Tocantins,Brazil,1621603255000.0,-10.1753,-48.2982,170785,153562,2760,14463,,,"Tocantins, Brazil"
68,69,,Brunei,1621603255000.0,4.5353,114.7277,235,222,3,10,,,Brunei
69,70,,Bulgaria,1621603255000.0,42.7339,25.4858,416055,371555,17447,27053,,,Bulgaria
70,71,,Burkina Faso,1621603255000.0,12.2383,-1.5616,13408,13223,165,20,,,Burkina Faso
71,72,,Burma,1621603255000.0,21.9162,95.956,143183,132148,3216,7819,,,Burma
72,73,,Burundi,1621603255000.0,-3.3731,29.9189,4418,773,6,3639,,,Burundi
73,74,,Cabo Verde,1621603255000.0,16.5388,-23.0418,28898,26116,253,2529,,,Cabo Verde
74,75,,Cambodia,1621603255000.0,11.55,104.9167,24157,16524,165,7468,,,Cambodia
75,76,,Cameroon,1621603255000.0,3.848,11.5021,77429,35261,1189,40979,,,Cameroon
76,77,Alberta,Canada,1621603255000.0,53.9333,-116.5765,222279,202442,2162,17675,,,"Alberta, Canada"
77,78,British Columbia,Canada,1621603255000.0,53.7267,-127.6476,140953,134521,1661,4771,,,"British Columbia, Canada"
78,79,Diamond Princess,Canada,1608557250000.0,,,0,0,1,0,,,"Diamond Princess, Canada"
79,80,Grand Princess,Canada,1608557250000.0,,,13,13,0,0,,,"Grand Princess, Canada"
80,81,Manitoba,Canada,1621603255000.0,53.7609,-98.8139,46916,41238,1019,4659,,,"Manitoba, Canada"
81,82,New Brunswick,Canada,1621603255000.0,46.5653,-66.4619,2098,1937,43,118,,,"New Brunswick, Canada"
82,83,Newfoundland and Labrador,Canada,1621603255000.0,53.1355,-57.6604,1216,1134,6,76,,,"Newfoundland and Labrador, Canada"
83,84,Northwest Territories,Canada,1621603255000.0,64.8255,-124.8457,126,114,0,12,,,"Northwest Territories, Canada"
84,85,Nova Scotia,Canada,1621603255000.0,44.682,-63.7443,5065,3848,74,1143,,,"Nova Scotia, Canada"
85,86,Nunavut,Canada,1621603255000.0,70.2998,-83.1076,636,577,4,55,,,"Nunavut, Canada"
86,87,Ontario,Canada,1621603255000.0,51.2538,-85.3232,525365,496573,8533,20259,,,"Ontario, Canada"
87,88,Prince Edward Island,Canada,1621603255000.0,46.5107,-63.4168,199,185,0,14,,,"Prince Edward Island, Canada"
88,89,Quebec,Canada,1621603255000.0,52.9399,-73.5491,365642,347942,11066,6634,,,"Quebec, Canada"
89,90,Repatriated Travellers,Canada,1621603255000.0,,,13,13,0,0,,,"Repatriated Travellers, Canada"
90,91,Saskatchewan,Canada,1621603255000.0,52.9399,-106.4509,45128,42821,522,1785,,,"Saskatchewan, Canada"
91,92,Yukon,Canada,1621603255000.0,64.2823,-135.0,84,82,2,0,,,"Yukon, Canada"
92,93,,Central African Republic,1621603255000.0,6.6111,20.9394,7010,5112,96,1802,,,Central African Republic
93,94,,Chad,1621603255000.0,15.4542,18.7322,4918,4717,173,28,,,Chad
94,95,Antofagasta,Chile,1621603255000.0,-23.6509,-70.3975,51580,49508,1011,1061,,,"Antofagasta, Chile"
95,96,Araucania,Chile,1621603255000.0,-38.9489,-72.3311,78835,75411,997,2427,,,"Araucania, Chile"
96,97,Arica y Parinacota,Chile,1621603255000.0,-18.594,-69.4785,21813,20720,422,671,,,"Arica y Parinacota, Chile"
97,98,Atacama,Chile,1621603255000.0,-27.5661,-70.0503,20110,19135,224,751,,,"Atacama, Chile"
98,99,Aysen,Chile,1621603255000.0,-45.9864,-73.7669,5169,4751,33,385,,,"Aysen, Chile"
99,100,Biobio,Chile,1621603255000.0,-37.4464,-72.1416,124478,119083,2008,3387,,,"Biobio, Chile"
100,101,Coquimbo,Chile,1621603255000.0,-29.959,-71.3389,35335,33543,664,1128,,,"Coquimbo, Chile"
101,102,Los Lagos,Chile,1621603255000.0,-41.9198,-72.1416,73629,70786,1001,1842,,,"Los Lagos, Chile"
102,103,Los Rios,Chile,1621603255000.0,-40.231,-72.3311,36778,35277,416,1085,,,"Los Rios, Chile"
103,104,Magallanes,Chile,1621603255000.0,-52.368,-70.9863,27101,26179,392,530,,,"Magallanes, Chile"
104,105,Maule,Chile,1621603255000.0,-35.5183,-71.6885,79556,75244,1312,3000,,,"Maule, Chile"
105,106,Metropolitana,Chile,1621603255000.0,-33.4376,-70.6505,542636,511536,14946,16154,,,"Metropolitana, Chile"
106,107,Nuble,Chile,1621603255000.0,-36.7226,-71.7622,28527,27170,481,876,,,"Nuble, Chile"
107,108,OHiggins,Chile,1621603255000.0,-34.5755,-71.0022,53417,50298,1121,1998,,,"OHiggins, Chile"
108,109,Tarapaca,Chile,1621603255000.0,-19.9232,-69.5132,35888,34561,654,673,,,"Tarapaca, Chile"
109,110,Unknown,Chile,1621603255000.0,,,54,54,0,0,,,"Unknown, Chile"
110,111,Valparaiso,Chile,1621603255000.0,-33.0472,-71.6127,93405,88170,2487,2748,,,"Valparaiso, Chile"
111,112,Anhui,China,1621603255000.0,31.8257,117.2264,1001,989,6,6,,,"Anhui, China"
112,113,Beijing,China,1621603255000.0,40.1824,116.4142,1057,1046,9,2,,,"Beijing, China"
113,114,Chongqing,China,1621603255000.0,30.0572,107.874,598,586,6,6,,,"Chongqing, China"
114,115,Fujian,China,1621603255000.0,26.0789,117.9874,610,583,1,26,,,"Fujian, China"
115,116,Gansu,China,1621603255000.0,35.7518,104.2861,193,191,2,0,,,"Gansu, China"
116,117,Guangdong,China,1621603255000.0,23.3417,113.4244,2400,2354,8,38,,,"Guangdong, China"
117,118,Guangxi,China,1621603255000.0,23.8298,108.7881,275,267,2,6,,,"Guangxi, China"
118,119,Guizhou,China,1621603255000.0,26.8154,106.8748,147,145,2,0,,,"Guizhou, China"
119,120,Hainan,China,1621603255000.0,19.1959,109.7453,188,176,6,6,,,"Hainan, China"
120,121,Hebei,China,1621603255000.0,37.8957,114.9042,1317,1310,7,0,,,"Hebei, China"
121,122,Heilongjiang,China,1621603255000.0,47.862,127.7615,1611,1597,13,1,,,"Heilongjiang, China"
122,123,Henan,China,1621603255000.0,33.882,113.614,1314,1289,22,3,,,"Henan, China"
123,124,Hong Kong,China,1621603255000.0,22.3,114.2,11829,11547,210,72,,,"Hong Kong, China"
124,125,Hubei,China,1621603255000.0,30.9756,112.2707,68159,63644,4512,3,,,"Hubei, China"
125,126,Hunan,China,1621603255000.0,27.6104,111.7088,1049,1038,4,7,,,"Hunan, China"
126,127,Inner Mongolia,China,1621603255000.0,44.0935,113.9448,384,380,1,3,,,"Inner Mongolia, China"
127,128,Jiangsu,China,1621603255000.0,32.9711,119.455,722,713,0,9,,,"Jiangsu, China"
128,129,Jiangxi,China,1621603255000.0,27.614,115.7221,937,936,1,0,,,"Jiangxi, China"
129,130,Jilin,China,1621603255000.0,43.6661,126.1923,573,570,3,0,,,"Jilin, China"
130,131,Liaoning,China,1621603255000.0,41.2956,122.6085,423,406,2,15,,,"Liaoning, China"
131,132,Macau,China,1621603255000.0,22.1667,113.55,50,49,0,1,,,"Macau, China"
132,133,Ningxia,China,1621603255000.0,37.2692,106.1655,76,75,0,1,,,"Ningxia, China"
133,134,Qinghai,China,1621603255000.0,35.7452,95.9956,18,18,0,0,,,"Qinghai, China"
134,135,Shaanxi,China,1621603255000.0,35.1917,108.8701,609,591,3,15,,,"Shaanxi, China"
135,136,Shandong,China,1621603255000.0,36.3427,118.1498,883,872,7,4,,,"Shandong, China"
136,137,Shanghai,China,1621603255000.0,31.202,121.4491,2061,1991,7,63,,,"Shanghai, China"
137,138,Shanxi,China,1621603255000.0,37.5777,112.2922,251,246,0,5,,,"Shanxi, China"
138,139,Sichuan,China,1621603255000.0,30.6171,102.7103,1006,978,3,25,,,"Sichuan, China"
139,140,Tianjin,China,1621603255000.0,39.3054,117.323,389,379,3,7,,,"Tianjin, China"
140,141,Tibet,China,1621603255000.0,31.6927,88.0924,1,1,0,0,,,"Tibet, China"
141,142,Unknown,China,1621603255000.0,,,0,7,0,-7,,,"Unknown, China"
142,143,Xinjiang,China,1621603255000.0,41.1129,85.2401,980,977,3,0,,,"Xinjiang, China"
143,144,Yunnan,China,1621603255000.0,24.974,101.487,351,321,2,28,,,"Yunnan, China"
144,145,Zhejiang,China,1621603255000.0,29.1832,120.0934,1361,1324,1,36,,,"Zhejiang, China"
145,146,Amazonas,Colombia,1621603255000.0,-1.4429,-71.5724,6300,6009,238,53,,,"Amazonas, Colombia"
146,147,Antioquia,Colombia,1621603255000.0,7.1986,-75.3412,511880,484594,11299,15987,,,"Antioquia, Colombia"
147,148,Arauca,Colombia,1621603255000.0,7.0762,-70.7105,7195,6701,206,288,,,"Arauca, Colombia"
148,149,Atlantico,Colombia,1621603255000.0,10.6966,-74.8741,263054,249321,8114,5619,,,"Atlantico, Colombia"
149,150,Bolivar,Colombia,1621603255000.0,8.6704,-74.03,94680,90084,1815,2781,,,"Bolivar, Colombia"
150,151,Boyaca,Colombia,1621603255000.0,5.4545,-73.362,61253,57265,1423,2565,,,"Boyaca, Colombia"
151,152,Caldas,Colombia,1621603255000.0,5.2983,-75.2479,67342,63888,1391,2063,,,"Caldas, Colombia"
152,153,Capital District,Colombia,1621603255000.0,4.711,-74.0721,884089,817438,17648,49003,,,"Capital District, Colombia"
153,154,Caqueta,Colombia,1621603255000.0,0.8699,-73.8419,17870,16959,668,243,,,"Caqueta, Colombia"
154,155,Casanare,Colombia,1621603255000.0,5.7589,-71.5724,18261,16882,422,957,,,"Casanare, Colombia"
155,156,Cauca,Colombia,1621603255000.0,2.705,-76.826,32479,30783,866,830,,,"Cauca, Colombia"
156,157,Cesar,Colombia,1621603255000.0,9.3373,-73.6536,63090,59602,1697,1791,,,"Cesar, Colombia"
157,158,Choco,Colombia,1621603255000.0,5.2528,-76.826,9973,9296,263,414,,,"Choco, Colombia"
158,159,Cordoba,Colombia,1621603255000.0,8.0493,-75.574,59637,55268,2397,1972,,,"Cordoba, Colombia"
159,160,Cundinamarca,Colombia,1621603255000.0,5.026,-74.03,147650,137539,4022,6089,,,"Cundinamarca, Colombia"
160,161,Guainia,Colombia,1621603255000.0,2.5854,-68.5247,1586,1513,22,51,,,"Guainia, Colombia"
161,162,Guaviare,Colombia,1621603255000.0,1.0654,-73.2603,2674,2502,40,132,,,"Guaviare, Colombia"
162,163,Huila,Colombia,1621603255000.0,2.5359,-75.5277,56387,53252,1963,1172,,,"Huila, Colombia"
163,164,La Guajira,Colombia,1621603255000.0,11.3548,-72.5205,34287,32409,1092,786,,,"La Guajira, Colombia"
164,165,Magdalena,Colombia,1621603255000.0,10.4113,-74.4057,66718,62303,2540,1875,,,"Magdalena, Colombia"
165,166,Meta,Colombia,1621603255000.0,3.272,-73.0877,49694,47761,1172,761,,,"Meta, Colombia"
166,167,Narino,Colombia,1621603255000.0,1.2892,-77.3579,59219,55157,1923,2139,,,"Narino, Colombia"
167,168,Norte de Santander,Colombia,1621603255000.0,7.9463,-72.8988,58481,53942,2963,1576,,,"Norte de Santander, Colombia"
168,169,Putumayo,Colombia,1621603255000.0,0.436,-75.5277,11243,10429,444,370,,,"Putumayo, Colombia"
169,170,Quindio,Colombia,1621603255000.0,4.461,-75.6674,42302,40296,1266,740,,,"Quindio, Colombia"
170,171,Risaralda,Colombia,1621603255000.0,5.3158,-75.9928,60475,57767,1530,1178,,,"Risaralda, Colombia"
171,172,San Andres y Providencia,Colombia,1621603255000.0,12.5567,-81.7185,4795,4436,74,285,,,"San Andres y Providencia, Colombia"
172,173,Santander,Colombia,1621603255000.0,6.6437,-73.6536,121144,111423,4155,5566,,,"Santander, Colombia"
173,174,Sucre,Colombia,1621603255000.0,8.814,-74.7233,32461,30155,1099,1207,,,"Sucre, Colombia"
174,175,Tolima,Colombia,1621603255000.0,4.0925,-75.1545,72974,69413,2359,1202,,,"Tolima, Colombia"
175,176,Unknown,Colombia,1621603255000.0,,,0,0,0,0,,,"Unknown, Colombia"
176,177,Valle del Cauca,Colombia,1621603255000.0,3.8009,-76.6413,254950,241866,8083,5001,,,"Valle del Cauca, Colombia"
177,178,Vaupes,Colombia,1621603255000.0,0.8554,-70.812,1420,1373,14,33,,,"Vaupes, Colombia"
178,179,Vichada,Colombia,1621603255000.0,4.4234,-69.2878,1649,1607,25,17,,,"Vichada, Colombia"
179,180,,Comoros,1621603255000.0,-11.6455,43.3333,3868,3710,146,12,,,Comoros
180,181,,Congo (Brazzaville),1621603255000.0,-0.228,15.8277,11476,8208,150,3118,,,Congo (Brazzaville)
181,182,,Congo (Kinshasa),1621603255000.0,-4.0383,21.7587,30757,27603,779,2375,,,Congo (Kinshasa)
182,183,,Costa Rica,1621603255000.0,9.7489,-83.7534,296632,226667,3736,66229,,,Costa Rica
183,184,,Cote d'Ivoire,1621603255000.0,7.54,-5.5471,46834,46253,298,283,,,Cote d'Ivoire
184,185,,Croatia,1621603255000.0,45.1,15.2,353217,340728,7856,4633,,,Croatia
185,186,,Cuba,1621603255000.0,21.521757,-77.781167,129346,121594,840,6912,,,Cuba
186,187,,Cyprus,1621603255000.0,35.1264,33.4299,71610,39061,350,32199,,,Cyprus
187,188,,Czechia,1621603255000.0,49.8175,15.473,1656874,1603764,29990,23120,,,Czechia
188,189,,Denmark,1621603255000.0,56.2639,9.5018,271908,255624,2506,13778,,,Denmark
189,190,Faroe Islands,Denmark,1621603255000.0,61.8926,-6.9118,671,667,1,3,,,"Faroe Islands, Denmark"
190,191,Greenland,Denmark,1621603255000.0,71.7069,-42.6043,34,32,0,2,,,"Greenland, Denmark"
191,192,,Diamond Princess,1621603255000.0,,,712,699,13,0,,,Diamond Princess
192,193,,Djibouti,1621603255000.0,11.8251,42.5903,11485,11305,152,28,,,Djibouti
193,194,,Dominica,1621603255000.0,15.415,-61.371,184,176,0,8,,,Dominica
194,195,,Dominican Republic,1621603255000.0,18.7357,-70.1627,280994,235284,3600,42110,,,Dominican Republic
195,196,,Ecuador,1621603255000.0,-1.8312,-78.1834,415255,354499,20022,40734,,,Ecuador
196,197,,Egypt,1621603255000.0,26.820553,30.802498,250391,184373,14559,51459,,,Egypt
197,198,,El Salvador,1621603255000.0,13.7942,-88.8965,72220,67510,2206,2504,,,El Salvador
198,199,,Equatorial Guinea,1621603255000.0,1.6508,10.2679,8436,7801,113,522,,,Equatorial Guinea
199,200,,Eritrea,1621603255000.0,15.1794,39.7823,3906,3700,14,192,,,Eritrea
200,201,,Estonia,1621603255000.0,58.5953,25.0136,128309,120140,1239,6930,,,Estonia
201,202,,Eswatini,1621603255000.0,-26.5225,31.4659,18539,17819,672,48,,,Eswatini
202,203,,Ethiopia,1621603255000.0,9.145,40.4897,268035,223993,4048,39994,,,Ethiopia
203,204,,Fiji,1621603255000.0,-17.7134,178.065,195,129,4,62,,,Fiji
204,205,,Finland,1621603255000.0,61.92411,25.748151,91157,46000,929,44228,,,Finland
205,206,,France,1621603255000.0,46.2276,2.2137,5863138,324444,107390,5080923,,,France
206,207,French Guiana,France,1621603255000.0,4.0,-53.0,22115,9995,110,12010,,,"French Guiana, France"
207,208,French Polynesia,France,1621603255000.0,-17.6797,-149.4068,18841,18661,141,39,,,"French Polynesia, France"
208,209,Guadeloupe,France,1621603255000.0,16.265,-61.551,16079,2250,245,13584,,,"Guadeloupe, France"
209,210,Martinique,France,1621603255000.0,14.6415,-61.0242,11669,98,90,11481,,,"Martinique, France"
210,211,Mayotte,France,1621603255000.0,-12.8275,45.166244,20176,2964,171,17041,,,"Mayotte, France"
211,212,New Caledonia,France,1621603255000.0,-20.904305,165.618042,125,58,0,67,,,"New Caledonia, France"
212,213,Reunion,France,1621603255000.0,-21.1151,55.5364,23566,21709,176,1681,,,"Reunion, France"
213,214,Saint Barthelemy,France,1621603255000.0,17.9,-62.8333,1005,462,1,542,,,"Saint Barthelemy, France"
214,215,Saint Pierre and Miquelon,France,1621603255000.0,46.8852,-56.3159,25,25,0,0,,,"Saint Pierre and Miquelon, France"
215,216,St Martin,France,1621603255000.0,18.0708,-63.0501,1915,1399,12,504,,,"St Martin, France"
216,217,Wallis and Futuna,France,1621603255000.0,-14.2938,-178.1165,445,436,7,2,,,"Wallis and Futuna, France"
217,218,,Gabon,1621603255000.0,-0.8037,11.6094,24039,20759,147,3133,,,Gabon
218,219,,Gambia,1621603255000.0,13.4432,-15.3101,5968,5727,175,66,,,Gambia
219,220,,Georgia,1621603255000.0,42.3154,43.3569,335769,316389,4569,14811,,,Georgia
220,221,Baden-Wurttemberg,Germany,1621603255000.0,48.6616,9.3501,484697,448800,9811,26086,,,"Baden-Wurttemberg, Germany"
221,222,Bayern,Germany,1621603255000.0,48.7904,11.4979,631981,591100,14742,26139,,,"Bayern, Germany"
222,223,Berlin,Germany,1621603255000.0,52.52,13.405,176767,168900,3422,4445,,,"Berlin, Germany"
223,224,Brandenburg,Germany,1621603255000.0,52.4125,12.5316,107425,99700,3693,4032,,,"Brandenburg, Germany"
224,225,Bremen,Germany,1621603255000.0,53.0793,8.8017,26778,25710,471,597,,,"Bremen, Germany"
225,226,Hamburg,Germany,1621603255000.0,53.5511,9.9937,75582,69800,1541,4241,,,"Hamburg, Germany"
226,227,Hessen,Germany,1621603255000.0,50.6521,9.1624,282450,259600,7199,15651,,,"Hessen, Germany"
227,228,Mecklenburg-Vorpommern,Germany,1621603255000.0,53.6127,12.4296,43535,40700,1103,1732,,,"Mecklenburg-Vorpommern, Germany"
228,229,Niedersachsen,Germany,1621603255000.0,52.6367,9.8451,254959,241000,5548,8411,,,"Niedersachsen, Germany"
229,230,Nordrhein-Westfalen,Germany,1621603255000.0,51.4332,7.6616,794195,735500,16446,42249,,,"Nordrhein-Westfalen, Germany"
230,231,Rheinland-Pfalz,Germany,1621603255000.0,50.1183,7.309,150966,140300,3694,6972,,,"Rheinland-Pfalz, Germany"
231,232,Saarland,Germany,1621603255000.0,49.3964,7.023,40148,37600,991,1557,,,"Saarland, Germany"
232,233,Sachsen,Germany,1621603255000.0,51.1045,13.2017,281312,254000,9542,17770,,,"Sachsen, Germany"
233,234,Sachsen-Anhalt,Germany,1621603255000.0,51.9503,11.6923,97553,88990,3282,5281,,,"Sachsen-Anhalt, Germany"
234,235,Schleswig-Holstein,Germany,1621603255000.0,54.2194,9.6961,62237,58400,1573,2264,,,"Schleswig-Holstein, Germany"
235,236,Thuringen,Germany,1621603255000.0,51.011,10.8453,125984,116000,4134,5850,,,"Thuringen, Germany"
236,237,Unknown,Germany,1621603255000.0,,,5999,0,0,5999,,,"Unknown, Germany"
237,238,,Ghana,1621603255000.0,7.9465,-1.0232,93456,91348,783,1325,,,Ghana
238,239,,Greece,1621603255000.0,39.0742,21.8243,385444,93764,11641,280039,,,Greece
239,240,,Grenada,1621603255000.0,12.1165,-61.679,161,160,1,0,,,Grenada
240,241,,Guatemala,1621603255000.0,15.7835,-90.2308,245247,225210,7952,12085,,,Guatemala
241,242,,Guinea,1621603255000.0,9.9456,-9.6966,22963,20614,155,2194,,,Guinea
242,243,,Guinea-Bissau,1621603255000.0,11.8037,-15.1804,3746,3473,68,205,,,Guinea-Bissau
243,244,,Guyana,1621603255000.0,4.860416,-58.93018,15743,13453,349,1941,,,Guyana
244,245,,Haiti,1621603255000.0,18.9712,-72.2852,13598,12463,276,859,,,Haiti
245,246,,Holy See,1621603255000.0,41.9029,12.4534,27,27,0,0,,,Holy See
246,247,,Honduras,1621603255000.0,15.2,-86.2419,230311,83393,6093,140825,,,Honduras
247,248,,Hungary,1621603255000.0,47.1625,19.5033,801025,661564,29427,110034,,,Hungary
248,249,,Iceland,1621603255000.0,64.9631,-19.0208,6555,6476,29,50,,,Iceland
249,250,Andaman and Nicobar Islands,India,1621603255000.0,11.225999,92.968178,6758,6401,96,261,,,"Andaman and Nicobar Islands, India"
250,251,Andhra Pradesh,India,1621603255000.0,15.9129,79.74,1521142,1302208,9800,209134,,,"Andhra Pradesh, India"
251,252,Arunachal Pradesh,India,1621603255000.0,27.768456,96.384277,23159,20339,89,2731,,,"Arunachal Pradesh, India"
252,253,Assam,India,1621603255000.0,26.357149,92.830441,353574,297902,2507,53165,,,"Assam, India"
253,254,Bihar,India,1621603255000.0,25.679658,85.60484,676045,617397,4241,54407,,,"Bihar, India"
254,255,Chandigarh,India,1621603255000.0,30.733839,76.768278,57331,50592,666,6073,,,"Chandigarh, India"
255,256,Chhattisgarh,India,1621603255000.0,21.264705,82.035366,936423,842662,12295,81466,,,"Chhattisgarh, India"
256,257,Dadra and Nagar Haveli and Daman and Diu,India,1621603255000.0,20.194742,73.080901,9850,9174,4,672,,,"Dadra and Nagar Haveli and Daman and Diu, India"
257,258,Delhi,India,1621603255000.0,28.646519,77.10898,1409950,1347157,22579,40214,,,"Delhi, India"
258,259,Goa,India,1621603255000.0,15.359682,74.057396,141567,118487,2272,20808,,,"Goa, India"
259,260,Gujarat,India,1621603255000.0,22.694884,71.590923,776220,677798,9404,89018,,,"Gujarat, India"
260,261,Haryana,India,1621603255000.0,29.20004,76.332824,722964,653407,7205,62352,,,"Haryana, India"
261,262,Himachal Pradesh,India,1621603255000.0,31.927213,77.233081,172722,136679,2595,33448,,,"Himachal Pradesh, India"
262,263,Jammu and Kashmir,India,1621603255000.0,33.75943,76.612638,260057,206081,3422,50554,,,"Jammu and Kashmir, India"
263,264,Jharkhand,India,1621603255000.0,23.654536,85.557631,324884,293659,4714,26511,,,"Jharkhand, India"
264,265,Karnataka,India,1621603255000.0,14.70518,76.166436,2335524,1776695,23854,534975,,,"Karnataka, India"
265,266,Kerala,India,1621603255000.0,10.450898,76.405749,2263959,1938887,6852,318220,,,"Kerala, India"
266,267,Ladakh,India,1621603255000.0,34.1526,77.5771,17025,15264,172,1589,,,"Ladakh, India"
267,268,Lakshadweep,India,1621603255000.0,13.6999972,72.1833326,5756,4072,20,1664,,,"Lakshadweep, India"
268,269,Madhya Pradesh,India,1621603255000.0,23.541513,78.289633,752735,672695,7315,72725,,,"Madhya Pradesh, India"
269,270,Maharashtra,India,1621603255000.0,19.449759,76.108221,5497448,5026308,85355,385785,,,"Maharashtra, India"
270,271,Manipur,India,1621603255000.0,24.738975,93.882541,41909,34359,646,6904,,,"Manipur, India"
271,272,Meghalaya,India,1621603255000.0,25.536934,91.278882,26927,20061,389,6477,,,"Meghalaya, India"
272,273,Mizoram,India,1621603255000.0,23.309381,92.83822,9740,7407,30,2303,,,"Mizoram, India"
273,274,Nagaland,India,1621603255000.0,26.06702,94.470302,19284,14520,245,4519,,,"Nagaland, India"
274,275,Odisha,India,1621603255000.0,20.505428,84.418059,655899,556501,2403,96995,,,"Odisha, India"
275,276,Puducherry,India,1621603255000.0,11.882658,78.86498,91465,71919,1269,18277,,,"Puducherry, India"
276,277,Punjab,India,1621603255000.0,30.841465,75.40879,523423,443666,12716,67041,,,"Punjab, India"
277,278,Rajasthan,India,1621603255000.0,26.583423,73.847973,897193,745873,7346,143974,,,"Rajasthan, India"
278,279,Sikkim,India,1621603255000.0,27.571671,88.472712,12204,8865,217,3122,,,"Sikkim, India"
279,280,Tamil Nadu,India,1621603255000.0,11.006091,78.400624,1734804,1452283,19131,263390,,,"Tamil Nadu, India"
280,281,Telangana,India,1621603255000.0,18.1124,79.0193,544263,495446,3060,45757,,,"Telangana, India"
281,282,Tripura,India,1621603255000.0,23.746783,91.743565,44359,37097,455,6807,,,"Tripura, India"
282,283,Unknown,India,1621603255000.0,,,0,0,0,0,,,"Unknown, India"
283,284,Uttar Pradesh,India,1621603255000.0,26.925425,80.560982,1651530,1516508,18588,116434,,,"Uttar Pradesh, India"
284,285,Uttarakhand,India,1621603255000.0,30.156447,79.197608,303940,229813,5484,68643,,,"Uttarakhand, India"
285,286,West Bengal,India,1621603255000.0,23.814082,87.979803,1209958,1064553,13895,131510,,,"West Bengal, India"
286,287,,Indonesia,1621603255000.0,-0.7893,113.9213,1758898,1621572,48887,88439,,,Indonesia
287,288,,Iran,1621603255000.0,32.427908,53.688046,2815882,2304824,78194,432864,,,Iran
288,289,,Iraq,1621603255000.0,33.223191,43.679291,1156137,1067387,16102,72648,,,Iraq
289,290,,Ireland,1621603255000.0,53.1424,-7.6921,254870,23364,4941,226565,,,Ireland
290,291,,Israel,1621603255000.0,31.046051,34.851612,839281,832268,6396,617,,,Israel
291,292,Abruzzo,Italy,1621603255000.0,42.35122196,13.39843823,73427,65021,2463,5943,,,"Abruzzo, Italy"
292,293,Basilicata,Italy,1621603255000.0,40.63947052,15.80514834,25848,20560,569,4719,,,"Basilicata, Italy"
293,294,Calabria,Italy,1621603255000.0,38.90597598,16.59440194,65302,53052,1127,11123,,,"Calabria, Italy"
294,295,Campania,Italy,1621603255000.0,40.83956555,14.25084984,414067,331774,6933,75360,,,"Campania, Italy"
295,296,Emilia-Romagna,Italy,1621603255000.0,44.49436681,11.3417208,381029,346200,13122,21707,,,"Emilia-Romagna, Italy"
296,297,Friuli Venezia Giulia,Italy,1621603255000.0,45.6494354,13.76813649,106660,97485,3775,5400,,,"Friuli Venezia Giulia, Italy"
297,298,Lazio,Italy,1621603255000.0,41.89277044,12.48366722,338234,300033,8063,30138,,,"Lazio, Italy"
298,299,Liguria,Italy,1621603255000.0,44.41149315,8.9326992,102109,95483,4299,2327,,,"Liguria, Italy"
299,300,Lombardia,Italy,1621603255000.0,45.46679409,9.190347404,828701,758880,33438,36383,,,"Lombardia, Italy"
300,301,Marche,Italy,1621603255000.0,43.61675973,13.5188753,101536,93966,2998,4572,,,"Marche, Italy"
301,302,Molise,Italy,1621603255000.0,41.55774754,14.65916051,13535,12801,488,246,,,"Molise, Italy"
302,303,P.A. Bolzano,Italy,1621603255000.0,46.49933453,11.35662422,72440,70335,1170,935,,,"P.A. Bolzano, Italy"
303,304,P.A. Trento,Italy,1621603255000.0,46.06893511,11.12123097,45067,43050,1354,663,,,"P.A. Trento, Italy"
304,305,Piemonte,Italy,1621603255000.0,45.0732745,7.680687483,357395,336799,11559,9037,,,"Piemonte, Italy"
305,306,Puglia,Italy,1621603255000.0,41.12559576,16.86736689,247720,207173,6342,34205,,,"Puglia, Italy"
306,307,Sardegna,Italy,1621603255000.0,39.21531192,9.110616306,56332,41221,1442,13669,,,"Sardegna, Italy"
307,308,Sicilia,Italy,1621603255000.0,38.11569725,13.3623567,221811,201089,5709,15013,,,"Sicilia, Italy"
308,309,Toscana,Italy,1621603255000.0,43.76923077,11.25588885,238342,218890,6590,12862,,,"Toscana, Italy"
309,310,Umbria,Italy,1621603255000.0,43.10675841,12.38824698,55980,52403,1383,2194,,,"Umbria, Italy"
310,311,Valle d'Aosta,Italy,1621603255000.0,45.73750286,7.320149366,11443,10628,471,344,,,"Valle d'Aosta, Italy"
311,312,Veneto,Italy,1621603255000.0,45.43490485,12.33845213,421283,397122,11515,12646,,,"Veneto, Italy"
312,313,,Jamaica,1621603255000.0,18.1096,-77.2975,47672,23643,902,23127,,,Jamaica
313,314,Aichi,Japan,1621603255000.0,35.035551,137.211621,43577,35460,681,7436,,,"Aichi, Japan"
314,315,Akita,Japan,1621603255000.0,39.748679,140.408228,733,589,11,133,,,"Akita, Japan"
315,316,Aomori,Japan,1621603255000.0,40.781541,140.828896,2128,1762,27,339,,,"Aomori, Japan"
316,317,Chiba,Japan,1621603255000.0,35.510141,140.198917,36065,34000,662,1403,,,"Chiba, Japan"
317,318,Ehime,Japan,1621603255000.0,33.624835,132.856842,2659,2444,69,146,,,"Ehime, Japan"
318,319,Fukui,Japan,1621603255000.0,35.846614,136.224654,1012,915,34,63,,,"Fukui, Japan"
319,320,Fukuoka,Japan,1621603255000.0,33.526032,130.666949,32178,24980,411,6787,,,"Fukuoka, Japan"
320,321,Fukushima,Japan,1621603255000.0,37.378867,140.223295,4399,3738,130,531,,,"Fukushima, Japan"
321,322,Gifu,Japan,1621603255000.0,35.778671,137.055925,7978,6780,144,1054,,,"Gifu, Japan"
322,323,Gunma,Japan,1621603255000.0,36.504479,138.985605,7470,6664,123,683,,,"Gunma, Japan"
323,324,Hiroshima,Japan,1621603255000.0,34.605309,132.788719,9437,6754,115,2568,,,"Hiroshima, Japan"
324,325,Hokkaido,Japan,1621603255000.0,43.385711,142.552318,33312,25370,985,6957,,,"Hokkaido, Japan"
325,326,Hyogo,Japan,1621603255000.0,35.039913,134.828057,38657,33593,1068,3996,,,"Hyogo, Japan"
326,327,Ibaraki,Japan,1621603255000.0,36.303588,140.319591,9308,8535,141,632,,,"Ibaraki, Japan"
327,328,Ishikawa,Japan,1621603255000.0,36.769464,136.771027,3385,2715,99,571,,,"Ishikawa, Japan"
328,329,Iwate,Japan,1621603255000.0,39.593287,141.361777,1313,1059,42,212,,,"Iwate, Japan"
329,330,Kagawa,Japan,1621603255000.0,34.217292,133.969047,1901,1512,24,365,,,"Kagawa, Japan"
330,331,Kagoshima,Japan,1621603255000.0,31.009484,130.430665,3072,2576,30,466,,,"Kagoshima, Japan"
331,332,Kanagawa,Japan,1621603255000.0,35.415312,139.338983,59283,55684,866,2733,,,"Kanagawa, Japan"
332,333,Kochi,Japan,1621603255000.0,33.422519,133.367307,1218,1098,20,100,,,"Kochi, Japan"
333,334,Kumamoto,Japan,1621603255000.0,32.608154,130.745231,5845,4717,91,1037,,,"Kumamoto, Japan"
334,335,Kyoto,Japan,1621603255000.0,35.253815,135.443341,15262,13404,198,1660,,,"Kyoto, Japan"
335,336,Mie,Japan,1621603255000.0,34.508018,136.376013,4655,4085,101,469,,,"Mie, Japan"
336,337,Miyagi,Japan,1621603255000.0,38.446859,140.927086,8743,8261,82,400,,,"Miyagi, Japan"
337,338,Miyazaki,Japan,1621603255000.0,32.193204,131.299374,2933,2535,24,374,,,"Miyazaki, Japan"
338,339,Nagano,Japan,1621603255000.0,36.132134,138.045528,4534,4126,75,333,,,"Nagano, Japan"
339,340,Nagasaki,Japan,1621603255000.0,33.235712,129.608033,2811,2350,60,401,,,"Nagasaki, Japan"
340,341,Nara,Japan,1621603255000.0,34.317451,135.871644,7562,6810,102,650,,,"Nara, Japan"
341,342,Niigata,Japan,1621603255000.0,37.521819,138.918647,2986,2531,33,422,,,"Niigata, Japan"
342,343,Oita,Japan,1621603255000.0,33.200697,131.43324,3102,2403,37,662,,,"Oita, Japan"
343,344,Okayama,Japan,1621603255000.0,34.89246,133.826252,6742,4071,83,2588,,,"Okayama, Japan"
344,345,Okinawa,Japan,1621603255000.0,25.768923,126.668016,14752,12606,149,1997,,,"Okinawa, Japan"
345,346,Osaka,Japan,1621603255000.0,34.620965,135.507481,97047,79866,2086,15095,,,"Osaka, Japan"
346,347,Port Quarantine,Japan,1621603255000.0,,,2902,2797,3,102,,,"Port Quarantine, Japan"
347,348,Saga,Japan,1621603255000.0,33.286977,130.115738,2391,2009,19,363,,,"Saga, Japan"
348,349,Saitama,Japan,1621603255000.0,35.997101,139.347635,42527,39022,775,2730,,,"Saitama, Japan"
349,350,Shiga,Japan,1621603255000.0,35.215827,136.138064,4729,4066,74,589,,,"Shiga, Japan"
350,351,Shimane,Japan,1621603255000.0,35.07076,132.554064,501,397,0,104,,,"Shimane, Japan"
351,352,Shizuoka,Japan,1621603255000.0,34.916975,138.407784,7788,6742,131,915,,,"Shizuoka, Japan"
352,353,Tochigi,Japan,1621603255000.0,36.689912,139.819213,6039,5562,74,403,,,"Tochigi, Japan"
353,354,Tokushima,Japan,1621603255000.0,33.919178,134.242091,1606,1411,58,137,,,"Tokushima, Japan"
354,355,Tokyo,Japan,1621603255000.0,35.711343,139.446921,155716,146549,1994,7173,,,"Tokyo, Japan"
355,356,Tottori,Japan,1621603255000.0,35.359069,133.863619,447,385,2,60,,,"Tottori, Japan"
356,357,Toyama,Japan,1621603255000.0,36.637464,137.269346,1649,1358,34,257,,,"Toyama, Japan"
357,358,Unknown,Japan,1621603255000.0,,,8,8,0,0,,,"Unknown, Japan"
358,359,Wakayama,Japan,1621603255000.0,33.911879,135.505446,2542,2292,35,215,,,"Wakayama, Japan"
359,360,Yamagata,Japan,1621603255000.0,38.448396,140.102154,1827,1558,38,231,,,"Yamagata, Japan"
360,361,Yamaguchi,Japan,1621603255000.0,34.20119,131.573293,2646,2006,56,584,,,"Yamaguchi, Japan"
361,362,Yamanashi,Japan,1621603255000.0,35.612364,138.611489,1457,1297,19,141,,,"Yamanashi, Japan"
362,363,,Jordan,1621603255000.0,31.24,36.51,726432,710445,9295,6692,,,Jordan
363,364,,Kazakhstan,1621603255000.0,48.0196,66.9237,423130,382899,3409,36822,,,Kazakhstan
364,365,,Kenya,1621603255000.0,-0.0236,37.9062,166876,114285,3040,49551,,,Kenya
365,366,,"Korea, South",1621603255000.0,35.907757,127.766922,134678,124158,1922,8598,,,"Korea, South"
366,367,,Kosovo,1621603255000.0,42.602636,20.902977,106712,100727,2242,3743,,,Kosovo
367,368,,Kuwait,1621603255000.0,29.31166,47.481766,295861,281920,1711,12230,,,Kuwait
368,369,,Kyrgyzstan,1621603255000.0,41.20438,74.766098,101878,95114,1735,5029,,,Kyrgyzstan
369,370,,Laos,1621603255000.0,19.85627,102.495496,1763,800,2,961,,,Laos
370,371,,Latvia,1621603255000.0,56.8796,24.6032,130271,120348,2309,7614,,,Latvia
371,372,,Lebanon,1621603255000.0,33.8547,35.8623,537437,505348,7658,24431,,,Lebanon
372,373,,Lesotho,1621603255000.0,-29.61,28.2336,10806,6427,320,4059,,,Lesotho
373,374,,Liberia,1621603255000.0,6.428055,-9.429499,2142,2022,85,35,,,Liberia
374,375,,Libya,1621603255000.0,26.3351,17.228331,182899,169733,3105,10061,,,Libya
375,376,,Liechtenstein,1621603255000.0,47.14,9.55,2997,2910,58,29,,,Liechtenstein
376,377,,Lithuania,1621603255000.0,55.1694,23.8813,269363,244635,4161,20567,,,Lithuania
377,378,,Luxembourg,1621603255000.0,49.8153,6.1296,69465,66994,809,1662,,,Luxembourg
378,379,,MS Zaandam,1621603255000.0,,,9,7,2,0,,,MS Zaandam
379,380,,Madagascar,1621603255000.0,-18.766947,46.869107,40692,38950,786,956,,,Madagascar
380,381,,Malawi,1621603255000.0,-13.2543,34.3015,34251,32260,1153,838,,,Malawi
381,382,,Malaysia,1621603255000.0,4.210484,101.975766,498795,444540,2149,52106,,,Malaysia
382,383,,Maldives,1621603255000.0,3.2028,73.2207,50802,30403,114,20285,,,Maldives
383,384,,Mali,1621603255000.0,17.570692,-3.996166,14226,9388,512,4326,,,Mali
384,385,,Malta,1621603255000.0,35.9375,14.3754,30497,29984,417,96,,,Malta
385,386,,Marshall Islands,1621603255000.0,7.1315,171.1845,4,4,0,0,,,Marshall Islands
386,387,,Mauritania,1621603255000.0,21.0079,-10.9408,19011,18209,457,345,,,Mauritania
387,388,,Mauritius,1621603255000.0,-20.348404,57.552152,1292,1151,17,124,,,Mauritius
388,389,Aguascalientes,Mexico,1621603255000.0,21.8853,-102.2916,26398,0,2404,23994,,,"Aguascalientes, Mexico"
389,390,Baja California,Mexico,1621603255000.0,30.8406,-115.2838,48667,0,8189,40478,,,"Baja California, Mexico"
390,391,Baja California Sur,Mexico,1621603255000.0,26.0444,-111.6661,31249,0,1402,29847,,,"Baja California Sur, Mexico"
391,392,Campeche,Mexico,1621603255000.0,19.8301,-90.5349,9918,0,1222,8696,,,"Campeche, Mexico"
392,393,Chiapas,Mexico,1621603255000.0,16.7569,-93.1292,11265,0,1564,9701,,,"Chiapas, Mexico"
393,394,Chihuahua,Mexico,1621603255000.0,28.633,-106.0691,54796,0,6897,47899,,,"Chihuahua, Mexico"
394,395,Ciudad de Mexico,Mexico,1621603255000.0,19.4326,-99.1332,652650,0,33071,619579,,,"Ciudad de Mexico, Mexico"
395,396,Coahuila,Mexico,1621603255000.0,27.0587,-101.7068,68528,0,6247,62281,,,"Coahuila, Mexico"
396,397,Colima,Mexico,1621603255000.0,19.1223,-104.0072,11707,0,1190,10517,,,"Colima, Mexico"
397,398,Durango,Mexico,1621603255000.0,24.5593,-104.6588,34012,0,2445,31567,,,"Durango, Mexico"
398,399,Guanajuato,Mexico,1621603255000.0,21.019,-101.2574,131544,0,10736,120808,,,"Guanajuato, Mexico"
399,400,Guerrero,Mexico,1621603255000.0,17.4392,-99.5451,40747,0,4427,36320,,,"Guerrero, Mexico"
400,401,Hidalgo,Mexico,1621603255000.0,20.0911,-98.7624,38713,0,6176,32537,,,"Hidalgo, Mexico"
401,402,Jalisco,Mexico,1621603255000.0,20.6595,-103.3494,86557,0,12095,74462,,,"Jalisco, Mexico"
402,403,Mexico,Mexico,1621603255000.0,19.4969,-99.7233,248272,0,34571,213701,,,"Mexico, Mexico"
403,404,Michoacan,Mexico,1621603255000.0,19.5665,-101.7068,47995,0,5750,42245,,,"Michoacan, Mexico"
404,405,Morelos,Mexico,1621603255000.0,18.6813,-99.1013,33277,0,3277,30000,,,"Morelos, Mexico"
405,406,Nayarit,Mexico,1621603255000.0,21.7514,-104.8455,12062,0,1815,10247,,,"Nayarit, Mexico"
406,407,Nuevo Leon,Mexico,1621603255000.0,25.5922,-99.9962,123708,0,9475,114233,,,"Nuevo Leon, Mexico"
407,408,Oaxaca,Mexico,1621603255000.0,17.0732,-96.7266,46893,0,3673,43220,,,"Oaxaca, Mexico"
408,409,Puebla,Mexico,1621603255000.0,19.0414,-98.2063,84596,0,11709,72887,,,"Puebla, Mexico"
409,410,Queretaro,Mexico,1621603255000.0,20.5888,-100.3899,68751,0,4285,64466,,,"Queretaro, Mexico"
410,411,Quintana Roo,Mexico,1621603255000.0,19.1817,-88.4791,25598,0,2712,22886,,,"Quintana Roo, Mexico"
411,412,San Luis Potosi,Mexico,1621603255000.0,22.1565,-100.9855,63818,0,5264,58554,,,"San Luis Potosi, Mexico"
412,413,Sinaloa,Mexico,1621603255000.0,25.1721,-107.4795,38628,0,6106,32522,,,"Sinaloa, Mexico"
413,414,Sonora,Mexico,1621603255000.0,29.2972,-110.3309,74515,0,6583,67932,,,"Sonora, Mexico"
414,415,Tabasco,Mexico,1621603255000.0,17.8409,-92.6189,66926,0,4122,62804,,,"Tabasco, Mexico"
415,416,Tamaulipas,Mexico,1621603255000.0,24.2669,-98.8363,58467,0,4916,53551,,,"Tamaulipas, Mexico"
416,417,Tlaxcala,Mexico,1621603255000.0,19.3139,-98.2404,19825,0,2422,17403,,,"Tlaxcala, Mexico"
417,418,Unknown,Mexico,1621603255000.0,,,0,1909187,0,-1909187,,,"Unknown, Mexico"
418,419,Veracruz,Mexico,1621603255000.0,19.1738,-96.1342,60833,0,9768,51065,,,"Veracruz, Mexico"
419,420,Yucatan,Mexico,1621603255000.0,20.7099,-89.0943,38630,0,3786,34844,,,"Yucatan, Mexico"
420,421,Zacatecas,Mexico,1621603255000.0,22.7709,-102.5832,30595,0,2781,27814,,,"Zacatecas, Mexico"
421,422,,Micronesia,1621603255000.0,7.4256,150.5508,1,1,0,0,,,Micronesia
422,423,,Moldova,1621603255000.0,47.4116,28.3699,254379,245803,6061,2515,,,Moldova
423,424,,Monaco,1621603255000.0,43.7333,7.4167,2499,2457,32,10,,,Monaco
424,425,,Mongolia,1621603255000.0,46.8625,103.8467,51247,45145,240,5862,,,Mongolia
425,426,,Montenegro,1621603255000.0,42.708678,19.37439,99098,96340,1569,1189,,,Montenegro
426,427,,Morocco,1621603255000.0,31.7917,-7.0926,516091,504439,9109,2543,,,Morocco
427,428,,Mozambique,1621603255000.0,-18.665695,35.529562,70527,68845,828,854,,,Mozambique
428,429,,Namibia,1621603255000.0,-22.9576,18.4904,51827,48531,739,2557,,,Namibia
429,430,,Nepal,1621603255000.0,28.1667,84.25,497052,374836,6024,116192,,,Nepal
430,431,Aruba,Netherlands,1621603255000.0,12.5211,-69.9683,10892,10716,106,70,,,"Aruba, Netherlands"
431,432,"Bonaire, Sint Eustatius and Saba",Netherlands,1621603255000.0,12.1784,-68.2385,1606,1570,17,19,,,"Bonaire, Sint Eustatius and Saba, Netherlands"
432,433,Curacao,Netherlands,1621603255000.0,12.1696,-68.99,12266,12080,122,64,,,"Curacao, Netherlands"
433,434,Drenthe,Netherlands,1621603255000.0,52.862485,6.618435,32858,0,351,32507,,,"Drenthe, Netherlands"
434,435,Flevoland,Netherlands,1621603255000.0,52.550383,5.515162,35736,0,240,35496,,,"Flevoland, Netherlands"
435,436,Friesland,Netherlands,1621603255000.0,53.087337,5.7925,42073,0,473,41600,,,"Friesland, Netherlands"
436,437,Gelderland,Netherlands,1621603255000.0,52.061738,5.939114,180466,0,2008,178458,,,"Gelderland, Netherlands"
437,438,Groningen,Netherlands,1621603255000.0,53.217922,6.741514,37720,0,259,37461,,,"Groningen, Netherlands"
438,439,Limburg,Netherlands,1621603255000.0,51.209227,5.93387,110718,0,1624,109094,,,"Limburg, Netherlands"
439,440,Noord-Brabant,Netherlands,1621603255000.0,51.561174,5.184942,261477,0,3114,258363,,,"Noord-Brabant, Netherlands"
440,441,Noord-Holland,Netherlands,1621603255000.0,52.600906,4.918688,268573,0,2573,266000,,,"Noord-Holland, Netherlands"
441,442,Overijssel,Netherlands,1621603255000.0,52.444558,6.441722,105358,0,1122,104236,,,"Overijssel, Netherlands"
442,443,Sint Maarten,Netherlands,1621603255000.0,18.0425,-63.0548,2346,2245,27,74,,,"Sint Maarten, Netherlands"
443,444,Unknown,Netherlands,1621603255000.0,,,3882,0,14,3868,,,"Unknown, Netherlands"
444,445,Utrecht,Netherlands,1621603255000.0,52.084251,5.163824,123538,0,1270,122268,,,"Utrecht, Netherlands"
445,446,Zeeland,Netherlands,1621603255000.0,51.47936,3.861559,28610,0,240,28370,,,"Zeeland, Netherlands"
446,447,Zuid-Holland,Netherlands,1621603255000.0,51.937835,4.462114,384491,0,4218,380273,,,"Zuid-Holland, Netherlands"
447,448,,New Zealand,1621603255000.0,-40.9006,174.886,2662,2613,26,23,,,New Zealand
448,449,,Nicaragua,1621603255000.0,12.865416,-85.207229,7193,4225,185,2783,,,Nicaragua
449,450,,Niger,1621603255000.0,17.607789,8.081666,5361,5026,192,143,,,Niger
450,451,,Nigeria,1621603255000.0,9.082,8.6753,165901,156459,2067,7375,,,Nigeria
451,452,,North Macedonia,1621603255000.0,41.6086,21.7453,154937,146632,5265,3040,,,North Macedonia
452,453,,Norway,1621603255000.0,60.472,8.4689,120797,17998,781,102018,,,Norway
453,454,,Oman,1621603255000.0,21.512583,55.923255,208607,192973,2239,13395,,,Oman
454,455,Azad Jammu and Kashmir,Pakistan,1621603255000.0,34.027401,73.947253,18547,16314,523,1710,,,"Azad Jammu and Kashmir, Pakistan"
455,456,Balochistan,Pakistan,1621603255000.0,28.328492,65.898403,24318,23025,270,1023,,,"Balochistan, Pakistan"
456,457,Gilgit-Baltistan,Pakistan,1621603255000.0,35.792146,74.982138,5454,5282,107,65,,,"Gilgit-Baltistan, Pakistan"
457,458,Islamabad,Pakistan,1621603255000.0,33.665087,73.121219,80010,71382,741,7887,,,"Islamabad, Pakistan"
458,459,Khyber Pakhtunkhwa,Pakistan,1621603255000.0,34.485332,72.09169,128561,117773,3875,6913,,,"Khyber Pakhtunkhwa, Pakistan"
459,460,Punjab,Pakistan,1621603255000.0,30.811346,72.139132,332000,297179,9704,25117,,,"Punjab, Pakistan"
460,461,Sindh,Pakistan,1621603255000.0,26.009446,68.776807,304571,279188,4869,20514,,,"Sindh, Pakistan"
461,462,,Panama,1621603255000.0,8.538,-80.7821,372800,360665,6314,5821,,,Panama
462,463,,Papua New Guinea,1621603255000.0,-6.314993,143.95555,14910,13801,154,955,,,Papua New Guinea
463,464,,Paraguay,1621603255000.0,-23.4425,-58.4438,324063,268336,8012,47715,,,Paraguay
464,465,Amazonas,Peru,1621603255000.0,-5.077253,-78.050172,27830,0,502,27328,,,"Amazonas, Peru"
465,466,Ancash,Peru,1621603255000.0,-9.407125,-77.671795,67492,0,2927,64565,,,"Ancash, Peru"
466,467,Apurimac,Peru,1621603255000.0,-14.027713,-72.975378,21985,0,580,21405,,,"Apurimac, Peru"
467,468,Arequipa,Peru,1621603255000.0,-15.843524,-72.475539,78848,0,2740,76108,,,"Arequipa, Peru"
468,469,Ayacucho,Peru,1621603255000.0,-14.091648,-74.08344,28001,0,817,27184,,,"Ayacucho, Peru"
469,470,Cajamarca,Peru,1621603255000.0,-6.430284,-78.745596,56278,0,1443,54835,,,"Cajamarca, Peru"
470,471,Callao,Peru,1621603255000.0,-11.954609,-77.136042,94046,0,3388,90658,,,"Callao, Peru"
471,472,Cusco,Peru,1621603255000.0,-13.191068,-72.153609,59820,0,1361,58459,,,"Cusco, Peru"
472,473,Huancavelica,Peru,1621603255000.0,-13.023888,-75.00277,14256,0,422,13834,,,"Huancavelica, Peru"
473,474,Huanuco,Peru,1621603255000.0,-9.421676,-76.040642,31258,0,1047,30211,,,"Huanuco, Peru"
474,475,Ica,Peru,1621603255000.0,-14.235097,-75.574821,51122,0,2990,48132,,,"Ica, Peru"
475,476,Junin,Peru,1621603255000.0,-11.541783,-74.876968,68694,0,2454,66240,,,"Junin, Peru"
476,477,La Libertad,Peru,1621603255000.0,-7.92139,-78.370238,73744,0,4068,69676,,,"La Libertad, Peru"
477,478,Lambayeque,Peru,1621603255000.0,-6.353049,-79.824113,53891,0,2692,51199,,,"Lambayeque, Peru"
478,479,Lima,Peru,1621603255000.0,-11.766533,-76.604498,865232,0,29096,836136,,,"Lima, Peru"
479,480,Loreto,Peru,1621603255000.0,-4.124847,-74.424115,39437,0,1411,38026,,,"Loreto, Peru"
480,481,Madre de Dios,Peru,1621603255000.0,-11.972699,-70.53172,12999,0,238,12761,,,"Madre de Dios, Peru"
481,482,Moquegua,Peru,1621603255000.0,-16.860271,-70.839046,24089,0,575,23514,,,"Moquegua, Peru"
482,483,Pasco,Peru,1621603255000.0,-10.39655,-75.307635,13786,0,421,13365,,,"Pasco, Peru"
483,484,Piura,Peru,1621603255000.0,-5.133361,-80.335861,75345,0,3239,72106,,,"Piura, Peru"
484,485,Puno,Peru,1621603255000.0,-14.995827,-69.922726,31078,0,959,30119,,,"Puno, Peru"
485,486,San Martin,Peru,1621603255000.0,-7.039531,-76.729127,42861,0,1286,41575,,,"San Martin, Peru"
486,487,Tacna,Peru,1621603255000.0,-17.644161,-70.27756,24487,0,805,23682,,,"Tacna, Peru"
487,488,Tumbes,Peru,1621603255000.0,-3.857496,-80.545255,16174,0,596,15578,,,"Tumbes, Peru"
488,489,Ucayali,Peru,1621603255000.0,-9.621718,-73.444929,30862,0,977,29885,,,"Ucayali, Peru"
489,490,Unknown,Peru,1621603255000.0,,,6745,1852686,219,-1846160,,,"Unknown, Peru"
490,491,,Philippines,1621603255000.0,12.879721,121.774017,1171403,1096109,19763,55531,,,Philippines
491,492,,Poland,1621603255000.0,51.9194,19.1451,2863031,2618031,72691,172309,,,Poland
492,493,,Portugal,1621603255000.0,39.3999,-8.2245,843729,804522,17014,22193,,,Portugal
493,494,,Qatar,1621603255000.0,25.3548,51.1839,214463,209773,539,4151,,,Qatar
494,495,,Romania,1621603255000.0,45.9432,24.9668,1074781,1030137,29826,14818,,,Romania
495,496,Adygea Republic,Russia,1621603255000.0,44.6939006,40.1520421,14597,14052,197,348,,,"Adygea Republic, Russia"
496,497,Altai Krai,Russia,1621603255000.0,52.6932243,82.6931424,51035,46001,2220,2814,,,"Altai Krai, Russia"
497,498,Altai Republic,Russia,1621603255000.0,50.7114101,86.8572186,16921,16585,242,94,,,"Altai Republic, Russia"
498,499,Amur Oblast,Russia,1621603255000.0,52.8032368,128.437295,22595,21946,290,359,,,"Amur Oblast, Russia"
499,500,Arkhangelsk Oblast,Russia,1621603255000.0,63.5589686,43.1221646,63116,60227,970,1919,,,"Arkhangelsk Oblast, Russia"
500,501,Astrakhan Oblast,Russia,1621603255000.0,47.1878186,47.608851,33810,32288,760,762,,,"Astrakhan Oblast, Russia"
501,502,Bashkortostan Republic,Russia,1621603255000.0,54.8573563,57.1439682,37307,35060,503,1744,,,"Bashkortostan Republic, Russia"
502,503,Belgorod Oblast,Russia,1621603255000.0,50.7080119,37.5837615,38177,35567,675,1935,,,"Belgorod Oblast, Russia"
503,504,Bryansk Oblast,Russia,1621603255000.0,52.8873315,33.415853,39553,38740,325,488,,,"Bryansk Oblast, Russia"
504,505,Buryatia Republic,Russia,1621603255000.0,52.7182426,109.492143,37796,36564,885,347,,,"Buryatia Republic, Russia"
505,506,Chechen Republic,Russia,1621603255000.0,43.3976147,45.6985005,12196,11932,132,132,,,"Chechen Republic, Russia"
506,507,Chelyabinsk Oblast,Russia,1621603255000.0,54.4223954,61.1865846,60951,56624,1563,2764,,,"Chelyabinsk Oblast, Russia"
507,508,Chukotka Autonomous Okrug,Russia,1621603255000.0,66.0006475,169.4900869,764,733,7,24,,,"Chukotka Autonomous Okrug, Russia"
508,509,Chuvashia Republic,Russia,1621603255000.0,55.4259922,47.0849429,25289,23086,1406,797,,,"Chuvashia Republic, Russia"
509,510,Dagestan Republic,Russia,1621603255000.0,43.0574916,47.1332224,33216,30841,1480,895,,,"Dagestan Republic, Russia"
510,511,Ingushetia Republic,Russia,1621603255000.0,43.11542075,45.01713552,15664,15259,188,217,,,"Ingushetia Republic, Russia"
511,512,Irkutsk Oblast,Russia,1621603255000.0,56.6370122,104.719221,68740,65667,2403,670,,,"Irkutsk Oblast, Russia"
512,513,Ivanovo Oblast,Russia,1621603255000.0,56.9167446,41.4352137,35686,33572,1190,924,,,"Ivanovo Oblast, Russia"
513,514,Jewish Autonomous Okrug,Russia,1621603255000.0,48.57527615,132.6630746,4485,4307,142,36,,,"Jewish Autonomous Okrug, Russia"
514,515,Kabardino-Balkarian Republic,Russia,1621603255000.0,43.4806048,43.5978976,24177,23472,464,241,,,"Kabardino-Balkarian Republic, Russia"
515,516,Kaliningrad Oblast,Russia,1621603255000.0,54.7293041,21.1489473,33015,31771,468,776,,,"Kaliningrad Oblast, Russia"
516,517,Kalmykia Republic,Russia,1621603255000.0,46.2313018,45.3275745,20693,20032,367,294,,,"Kalmykia Republic, Russia"
517,518,Kaluga Oblast,Russia,1621603255000.0,54.4382773,35.5272854,35177,33513,331,1333,,,"Kaluga Oblast, Russia"
518,519,Kamchatka Krai,Russia,1621603255000.0,57.1914882,160.0383819,14614,13979,231,404,,,"Kamchatka Krai, Russia"
519,520,Karachay-Cherkess Republic,Russia,1621603255000.0,43.7368326,41.7267991,20319,19969,110,240,,,"Karachay-Cherkess Republic, Russia"
520,521,Karelia Republic,Russia,1621603255000.0,62.6194031,33.4920267,46668,44888,523,1257,,,"Karelia Republic, Russia"
521,522,Kemerovo Oblast,Russia,1621603255000.0,54.5335781,87.342861,36407,35156,705,546,,,"Kemerovo Oblast, Russia"
522,523,Khabarovsk Krai,Russia,1621603255000.0,51.6312684,136.121524,52224,50179,400,1645,,,"Khabarovsk Krai, Russia"
523,524,Khakassia Republic,Russia,1621603255000.0,53.72258845,91.44293627,22863,21817,546,500,,,"Khakassia Republic, Russia"
524,525,Khanty-Mansi Autonomous Okrug,Russia,1621603255000.0,61.0259025,69.0982628,56995,55769,796,430,,,"Khanty-Mansi Autonomous Okrug, Russia"
525,526,Kirov Oblast,Russia,1621603255000.0,57.9665589,49.4074599,43386,40874,357,2155,,,"Kirov Oblast, Russia"
526,527,Komi Republic,Russia,1621603255000.0,63.9881421,54.3326073,43833,42490,946,397,,,"Komi Republic, Russia"
527,528,Kostroma Oblast,Russia,1621603255000.0,58.424756,44.2533273,21198,18452,461,2285,,,"Kostroma Oblast, Russia"
528,529,Krasnodar Krai,Russia,1621603255000.0,45.7684014,39.0261044,47482,42454,2910,2118,,,"Krasnodar Krai, Russia"
529,530,Krasnoyarsk Krai,Russia,1621603255000.0,63.3233807,97.0979974,72551,66839,3675,2037,,,"Krasnoyarsk Krai, Russia"
530,531,Kurgan Oblast,Russia,1621603255000.0,55.7655302,64.5632681,21053,19803,407,843,,,"Kurgan Oblast, Russia"
531,532,Kursk Oblast,Russia,1621603255000.0,51.6568453,36.4852695,37814,36051,781,982,,,"Kursk Oblast, Russia"
532,533,Leningrad Oblast,Russia,1621603255000.0,60.1853296,32.3925325,44334,41542,1349,1443,,,"Leningrad Oblast, Russia"
533,534,Lipetsk Oblast,Russia,1621603255000.0,52.6935178,39.1122664,31098,28093,714,2291,,,"Lipetsk Oblast, Russia"
534,535,Magadan Oblast,Russia,1621603255000.0,62.48858785,153.9903764,8417,8216,106,95,,,"Magadan Oblast, Russia"
535,536,Mari El Republic,Russia,1621603255000.0,56.5767504,47.8817512,13366,12950,236,180,,,"Mari El Republic, Russia"
536,537,Mordovia Republic,Russia,1621603255000.0,54.4419829,44.4661144,20675,18455,267,1953,,,"Mordovia Republic, Russia"
537,538,Moscow,Russia,1621603255000.0,55.7504461,37.6174943,1151462,1038332,19532,93598,,,"Moscow, Russia"
538,539,Moscow Oblast,Russia,1621603255000.0,55.5043158,38.0353929,263690,216120,6050,41520,,,"Moscow Oblast, Russia"
539,540,Murmansk Oblast,Russia,1621603255000.0,68.0000418,33.9999151,50936,48019,1198,1719,,,"Murmansk Oblast, Russia"
540,541,Nenets Autonomous Okrug,Russia,1621603255000.0,68.27557185,57.1686375,1099,1088,4,7,,,"Nenets Autonomous Okrug, Russia"
541,542,Nizhny Novgorod Oblast,Russia,1621603255000.0,55.4718033,44.0911594,116672,111758,3480,1434,,,"Nizhny Novgorod Oblast, Russia"
542,543,North Ossetia - Alania Republic,Russia,1621603255000.0,42.7933611,44.6324493,16922,16298,204,420,,,"North Ossetia - Alania Republic, Russia"
543,544,Novgorod Oblast,Russia,1621603255000.0,58.2843833,32.5169757,30624,29591,144,889,,,"Novgorod Oblast, Russia"
544,545,Novosibirsk Oblast,Russia,1621603255000.0,54.9720169,79.4813924,42601,38705,1836,2060,,,"Novosibirsk Oblast, Russia"
545,546,Omsk Oblast,Russia,1621603255000.0,56.0935263,73.5099936,46893,44526,1422,945,,,"Omsk Oblast, Russia"
546,547,Orel Oblast,Russia,1621603255000.0,52.9685433,36.0692477,35174,33286,641,1247,,,"Orel Oblast, Russia"
547,548,Orenburg Oblast,Russia,1621603255000.0,52.0269262,54.7276647,43610,39876,938,2796,,,"Orenburg Oblast, Russia"
548,549,Penza Oblast,Russia,1621603255000.0,53.1655415,44.7879181,46544,43903,754,1887,,,"Penza Oblast, Russia"
549,550,Perm Krai,Russia,1621603255000.0,58.5951603,56.3159546,56497,50852,2360,3285,,,"Perm Krai, Russia"
550,551,Primorsky Krai,Russia,1621603255000.0,45.0819456,134.726645,44058,41367,726,1965,,,"Primorsky Krai, Russia"
551,552,Pskov Oblast,Russia,1621603255000.0,57.5358729,28.8586826,37362,31455,386,5521,,,"Pskov Oblast, Russia"
552,553,Rostov Oblast,Russia,1621603255000.0,47.6222451,40.7957942,92328,82612,4317,5399,,,"Rostov Oblast, Russia"
553,554,Ryazan Oblast,Russia,1621603255000.0,54.4226732,40.5705246,28771,27265,503,1003,,,"Ryazan Oblast, Russia"
554,555,Saint Petersburg,Russia,1621603255000.0,59.9606739,30.1586551,431307,395876,13964,21467,,,"Saint Petersburg, Russia"
555,556,Sakha (Yakutiya) Republic,Russia,1621603255000.0,66.941626,129.642371,37386,33224,647,3515,,,"Sakha (Yakutiya) Republic, Russia"
556,557,Sakhalin Oblast,Russia,1621603255000.0,49.7219665,143.448533,22797,22399,47,351,,,"Sakhalin Oblast, Russia"
557,558,Samara Oblast,Russia,1621603255000.0,53.2128813,50.8914633,63918,60972,1797,1149,,,"Samara Oblast, Russia"
558,559,Saratov Oblast,Russia,1621603255000.0,51.6520555,46.8631952,61572,57384,1026,3162,,,"Saratov Oblast, Russia"
559,560,Smolensk Oblast,Russia,1621603255000.0,55.0343496,33.0192065,30472,28718,974,780,,,"Smolensk Oblast, Russia"
560,561,Stavropol Krai,Russia,1621603255000.0,44.8632577,43.4406913,54230,51368,1459,1403,,,"Stavropol Krai, Russia"
561,562,Sverdlovsk Oblast,Russia,1621603255000.0,58.6414755,61.8021546,88323,82180,3314,2829,,,"Sverdlovsk Oblast, Russia"
562,563,Tambov Oblast,Russia,1621603255000.0,52.9019574,41.3578918,32344,30030,515,1799,,,"Tambov Oblast, Russia"
563,564,Tatarstan Republic,Russia,1621603255000.0,55.7648572,52.43104273,21170,18096,486,2588,,,"Tatarstan Republic, Russia"
564,565,Tomsk Oblast,Russia,1621603255000.0,58.6124279,82.0475315,32615,31537,422,656,,,"Tomsk Oblast, Russia"
565,566,Tula Oblast,Russia,1621603255000.0,53.9570701,37.3690909,39596,37134,1982,480,,,"Tula Oblast, Russia"
566,567,Tver Oblast,Russia,1621603255000.0,57.1134475,35.1744428,41406,38870,981,1555,,,"Tver Oblast, Russia"
567,568,Tyumen Oblast,Russia,1621603255000.0,58.8206488,70.3658837,36219,34628,527,1064,,,"Tyumen Oblast, Russia"
568,569,Tyva Republic,Russia,1621603255000.0,51.4017149,93.8582593,15907,15675,203,29,,,"Tyva Republic, Russia"
569,570,Udmurt Republic,Russia,1621603255000.0,57.1961165,52.6959832,33667,30549,923,2195,,,"Udmurt Republic, Russia"
570,571,Ulyanovsk Oblast,Russia,1621603255000.0,54.1463177,47.2324921,55105,52491,1319,1295,,,"Ulyanovsk Oblast, Russia"
571,572,Vladimir Oblast,Russia,1621603255000.0,56.0503336,40.6561633,33048,30673,1165,1210,,,"Vladimir Oblast, Russia"
572,573,Volgograd Oblast,Russia,1621603255000.0,49.6048339,44.2903582,58887,56175,1240,1472,,,"Volgograd Oblast, Russia"
573,574,Vologda Oblast,Russia,1621603255000.0,60.0391461,43.1215213,45684,42618,1073,1993,,,"Vologda Oblast, Russia"
574,575,Voronezh Oblast,Russia,1621603255000.0,50.9800393,40.1506507,83501,78956,2818,1727,,,"Voronezh Oblast, Russia"
575,576,Yamalo-Nenets Autonomous Okrug,Russia,1621603255000.0,67.1471631,74.3415488,38904,37709,417,778,,,"Yamalo-Nenets Autonomous Okrug, Russia"
576,577,Yaroslavl Oblast,Russia,1621603255000.0,57.7781976,39.0021095,40280,38446,585,1249,,,"Yaroslavl Oblast, Russia"
577,578,Zabaykalsky Krai,Russia,1621603255000.0,52.248521,115.956325,42879,41452,657,770,,,"Zabaykalsky Krai, Russia"
578,579,,Rwanda,1621603255000.0,-1.9403,29.8739,26529,24884,349,1296,,,Rwanda
579,580,,Saint Kitts and Nevis,1621603255000.0,17.357822,-62.782998,46,45,0,1,,,Saint Kitts and Nevis
580,581,,Saint Lucia,1621603255000.0,13.9094,-60.9789,4923,4606,77,240,,,Saint Lucia
581,582,,Saint Vincent and the Grenadines,1621603255000.0,12.9843,-61.2872,1954,1786,12,156,,,Saint Vincent and the Grenadines
582,583,,Samoa,1621603255000.0,-13.759,-172.1046,3,3,0,0,,,Samoa
583,584,,San Marino,1621603255000.0,43.9424,12.4578,5087,4974,90,23,,,San Marino
584,585,,Sao Tome and Principe,1621603255000.0,0.1864,6.6131,2335,2282,35,18,,,Sao Tome and Principe
585,586,,Saudi Arabia,1621603255000.0,23.885942,45.079162,438705,422706,7224,8775,,,Saudi Arabia
586,587,,Senegal,1621603255000.0,14.4974,-14.4524,41023,39710,1129,184,,,Senegal
587,588,,Serbia,1621603255000.0,44.0165,21.0059,708878,0,6739,702139,,,Serbia
588,589,,Seychelles,1621603255000.0,-4.6796,55.492,9764,7826,35,1903,,,Seychelles
589,590,,Sierra Leone,1621603255000.0,8.460555,-11.779889,4115,3106,79,930,,,Sierra Leone
590,591,,Singapore,1621603255000.0,1.2833,103.8333,61770,61229,32,509,,,Singapore
591,592,,Slovakia,1621603255000.0,48.669,19.699,388529,255300,12280,120949,,,Slovakia
592,593,,Slovenia,1621603255000.0,46.1512,14.9955,251148,240816,4348,5984,,,Slovenia
593,594,,Solomon Islands,1621603255000.0,-9.6457,160.1562,20,20,0,0,,,Solomon Islands
594,595,,Somalia,1621603255000.0,5.152149,46.199616,14594,6639,767,7188,,,Somalia
595,596,,South Africa,1621603255000.0,-30.5595,22.9375,1625003,1531993,55568,37442,,,South Africa
596,597,,South Sudan,1621603255000.0,6.877,31.307,10652,10462,115,75,,,South Sudan
597,598,Andalusia,Spain,1621603255000.0,37.5443,-4.7278,572825,10671,9853,552301,,,"Andalusia, Spain"
598,599,Aragon,Spain,1621603255000.0,41.5976,-0.9057,122692,3772,3496,115424,,,"Aragon, Spain"
599,600,Asturias,Spain,1621603255000.0,43.3614,-5.8593,51820,1063,1962,48795,,,"Asturias, Spain"
600,601,Baleares,Spain,1621603255000.0,39.710358,2.995148,60098,1533,837,57728,,,"Baleares, Spain"
601,602,C. Valenciana,Spain,1621603255000.0,39.484,-0.7533,393249,9970,7373,375906,,,"C. Valenciana, Spain"
602,603,Canarias,Spain,1621603255000.0,28.2916,-16.6291,55294,1537,766,52991,,,"Canarias, Spain"
603,604,Cantabria,Spain,1621603255000.0,43.1828,-3.9878,29877,2287,561,27029,,,"Cantabria, Spain"
604,605,Castilla - La Mancha,Spain,1621603255000.0,39.2796,-3.0977,190021,6392,5894,177735,,,"Castilla - La Mancha, Spain"
605,606,Castilla y Leon,Spain,1621603255000.0,41.8357,-4.3976,228162,8716,6831,212615,,,"Castilla y Leon, Spain"
606,607,Catalonia,Spain,1621603255000.0,41.5912,1.5209,605100,26203,14497,564400,,,"Catalonia, Spain"
607,608,Ceuta,Spain,1621603255000.0,35.8894,-5.3213,5789,163,114,5512,,,"Ceuta, Spain"
608,609,Extremadura,Spain,1621603255000.0,39.4937,-6.0679,75237,2652,1798,70787,,,"Extremadura, Spain"
609,610,Galicia,Spain,1621603255000.0,42.5751,-8.1339,125377,9204,2396,113777,,,"Galicia, Spain"
610,611,La Rioja,Spain,1621603255000.0,42.2871,-2.5396,30431,3107,769,26555,,,"La Rioja, Spain"
611,612,Madrid,Spain,1621603255000.0,40.4168,-3.7038,707480,40736,15199,651545,,,"Madrid, Spain"
612,613,Melilla,Spain,1621603255000.0,35.2923,-2.9381,9004,125,97,8782,,,"Melilla, Spain"
613,614,Murcia,Spain,1621603255000.0,37.9922,-1.1307,112207,2180,1593,108434,,,"Murcia, Spain"
614,615,Navarra,Spain,1621603255000.0,42.6954,-1.6761,61740,3905,1170,56665,,,"Navarra, Spain"
615,616,Pais Vasco,Spain,1621603255000.0,42.9896,-2.6189,195258,16160,4395,174703,,,"Pais Vasco, Spain"
616,617,Unknown,Spain,1619392849000.0,,,0,0,0,0,,,"Unknown, Spain"
617,618,,Sri Lanka,1621603255000.0,7.873054,80.771797,154786,123532,1089,30165,,,Sri Lanka
618,619,,Sudan,1621603255000.0,12.8628,30.2176,34889,27949,2568,4372,,,Sudan
619,620,,Suriname,1621603255000.0,3.9193,-56.0278,12571,10604,240,1727,,,Suriname
620,621,Blekinge,Sweden,1621603255000.0,56.2784,15.018,12393,0,128,12265,,,"Blekinge, Sweden"
621,622,Dalarna,Sweden,1621603255000.0,61.0917,14.6664,26221,0,338,25883,,,"Dalarna, Sweden"
622,623,Gavleborg,Sweden,1621603255000.0,61.3012,16.1534,35236,0,552,34684,,,"Gavleborg, Sweden"
623,624,Gotland,Sweden,1621603255000.0,57.4684,18.4867,3898,0,51,3847,,,"Gotland, Sweden"
624,625,Halland,Sweden,1621603255000.0,56.8967,12.8034,39888,0,315,39573,,,"Halland, Sweden"
625,626,Jamtland Harjedalen,Sweden,1621603255000.0,63.1712,14.9592,12176,0,120,12056,,,"Jamtland Harjedalen, Sweden"
626,627,Jonkoping,Sweden,1621603255000.0,57.3708,14.3439,42047,0,552,41495,,,"Jonkoping, Sweden"
627,628,Kalmar,Sweden,1621603255000.0,57.235,16.1849,23437,0,243,23194,,,"Kalmar, Sweden"
628,629,Kronoberg,Sweden,1621603255000.0,56.7183,14.4115,21427,0,312,21115,,,"Kronoberg, Sweden"
629,630,Norrbotten,Sweden,1621603255000.0,66.8309,20.3992,23913,0,261,23652,,,"Norrbotten, Sweden"
630,631,Orebro,Sweden,1621603255000.0,59.535,15.0066,31235,0,334,30901,,,"Orebro, Sweden"
631,632,Ostergotland,Sweden,1621603255000.0,58.3454,15.5198,41154,0,621,40533,,,"Ostergotland, Sweden"
632,633,Skane,Sweden,1621603255000.0,55.9903,13.5958,152297,0,1716,150581,,,"Skane, Sweden"
633,634,Sormland,Sweden,1621603255000.0,59.0336,16.7519,25138,0,453,24685,,,"Sormland, Sweden"
634,635,Stockholm,Sweden,1621603255000.0,59.6025,18.1384,249494,0,4294,245200,,,"Stockholm, Sweden"
635,636,Uppsala,Sweden,1621603255000.0,60.0092,17.2715,39437,0,533,38904,,,"Uppsala, Sweden"
636,637,Varmland,Sweden,1621603255000.0,59.7294,13.2354,18265,0,209,18056,,,"Varmland, Sweden"
637,638,Vasterbotten,Sweden,1621603255000.0,65.3337,16.5162,22641,0,180,22461,,,"Vasterbotten, Sweden"
638,639,Vasternorrland,Sweden,1621603255000.0,63.4276,17.7292,26188,0,467,25721,,,"Vasternorrland, Sweden"
639,640,Vastmanland,Sweden,1621603255000.0,59.6714,16.2159,26900,0,345,26555,,,"Vastmanland, Sweden"
640,641,Vastra Gotaland,Sweden,1621603255000.0,58.2528,13.0596,184956,0,2342,182614,,,"Vastra Gotaland, Sweden"
641,642,,Switzerland,1621603255000.0,46.8182,8.2275,686152,317600,10768,357784,,,Switzerland
642,643,,Syria,1621603255000.0,34.802075,38.996815,23939,21489,1720,730,,,Syria
643,644,,Taiwan*,1621603255000.0,23.7,121.0,2825,1133,15,1991,,,Taiwan*
644,645,,Tajikistan,1621603255000.0,38.861,71.2761,13308,13218,90,0,,,Tajikistan
645,646,,Tanzania,1621603255000.0,-6.369028,34.888822,509,183,21,305,,,Tanzania
646,647,,Thailand,1621603255000.0,15.870032,100.992541,123066,26873,735,95458,,,Thailand
647,648,,Timor-Leste,1621603255000.0,-8.874217,125.727539,5287,2807,11,2469,,,Timor-Leste
648,649,,Togo,1621603255000.0,8.6195,0.8248,13340,12083,125,1132,,,Togo
649,650,,Trinidad and Tobago,1621603255000.0,10.6918,-61.2225,18227,10888,341,6998,,,Trinidad and Tobago
650,651,,Tunisia,1621603255000.0,33.886917,9.537499,331674,292825,12089,26760,,,Tunisia
651,652,,Turkey,1621603255000.0,38.9637,35.2433,5160423,4989787,45626,125010,,,Turkey
652,653,,Uganda,1621603255000.0,1.373333,32.290275,43223,42429,350,444,,,Uganda
653,654,Cherkasy Oblast,Ukraine,1621603255000.0,49.4444,32.0598,79707,70199,1193,8315,,,"Cherkasy Oblast, Ukraine"
654,655,Chernihiv Oblast,Ukraine,1621603255000.0,51.4982,31.2893,56006,51596,1275,3135,,,"Chernihiv Oblast, Ukraine"
655,656,Chernivtsi Oblast,Ukraine,1621603255000.0,48.2917,25.9352,78731,73252,1733,3746,,,"Chernivtsi Oblast, Ukraine"
656,657,Crimea Republic*,Ukraine,1621603255000.0,45.2835,34.2008,42551,39601,1308,1642,,,"Crimea Republic*, Ukraine"
657,658,Dnipropetrovsk Oblast,Ukraine,1621603255000.0,48.4647,35.0462,130772,115793,3909,11070,,,"Dnipropetrovsk Oblast, Ukraine"
658,659,Donetsk Oblast,Ukraine,1621603255000.0,48.0159,37.8028,87884,77708,2125,8051,,,"Donetsk Oblast, Ukraine"
659,660,Ivano-Frankivsk Oblast,Ukraine,1621603255000.0,48.9226,24.7111,85683,81773,2037,1873,,,"Ivano-Frankivsk Oblast, Ukraine"
660,661,Kharkiv Oblast,Ukraine,1621603255000.0,49.9935,36.2304,144870,127066,3134,14670,,,"Kharkiv Oblast, Ukraine"
661,662,Kherson Oblast,Ukraine,1621603255000.0,46.6354,32.6169,33912,28892,1015,4005,,,"Kherson Oblast, Ukraine"
662,663,Khmelnytskyi Oblast,Ukraine,1621603255000.0,49.423,26.9871,87153,80233,1770,5150,,,"Khmelnytskyi Oblast, Ukraine"
663,664,Kiev,Ukraine,1621603255000.0,50.4501,30.5234,203780,140267,4994,58519,,,"Kiev, Ukraine"
664,665,Kiev Oblast,Ukraine,1621603255000.0,50.053,30.7667,123450,115034,2626,5790,,,"Kiev Oblast, Ukraine"
665,666,Kirovohrad Oblast,Ukraine,1621603255000.0,48.5079,32.2623,19964,15205,766,3993,,,"Kirovohrad Oblast, Ukraine"
666,667,Luhansk Oblast,Ukraine,1621603255000.0,48.574,39.3078,25686,22668,848,2170,,,"Luhansk Oblast, Ukraine"
667,668,Lviv Oblast,Ukraine,1621603255000.0,49.8397,24.0297,134213,122321,3511,8381,,,"Lviv Oblast, Ukraine"
668,669,Mykolaiv Oblast,Ukraine,1621603255000.0,46.975,31.9946,67138,62749,1763,2626,,,"Mykolaiv Oblast, Ukraine"
669,670,Odessa Oblast,Ukraine,1621603255000.0,46.4846,30.7326,138542,117299,2845,18398,,,"Odessa Oblast, Ukraine"
670,671,Poltava Oblast,Ukraine,1621603255000.0,49.5883,34.5514,76175,71575,1740,2860,,,"Poltava Oblast, Ukraine"
671,672,Rivne Oblast,Ukraine,1621603255000.0,50.6199,26.2516,76901,73157,1146,2598,,,"Rivne Oblast, Ukraine"
672,673,Sevastopol*,Ukraine,1621603255000.0,44.6054,33.522,14577,13491,667,419,,,"Sevastopol*, Ukraine"
673,674,Sumy Oblast,Ukraine,1621603255000.0,50.9077,34.7981,76158,71816,1260,3082,,,"Sumy Oblast, Ukraine"
674,675,Ternopil Oblast,Ukraine,1621603255000.0,49.5535,25.5948,68825,63877,1153,3795,,,"Ternopil Oblast, Ukraine"
675,676,Vinnytsia Oblast,Ukraine,1621603255000.0,49.2331,28.4682,69946,60709,1638,7599,,,"Vinnytsia Oblast, Ukraine"
676,677,Volyn Oblast,Ukraine,1621603255000.0,50.7472,25.3254,60439,55377,1119,3943,,,"Volyn Oblast, Ukraine"
677,678,Zakarpattia Oblast,Ukraine,1621603255000.0,48.6208,22.2879,61227,58065,1573,1589,,,"Zakarpattia Oblast, Ukraine"
678,679,Zaporizhia Oblast,Ukraine,1621603255000.0,47.8388,35.1396,101285,91566,2222,7497,,,"Zaporizhia Oblast, Ukraine"
679,680,Zhytomyr Oblast,Ukraine,1621603255000.0,50.2547,28.6587,86935,80842,1706,4387,,,"Zhytomyr Oblast, Ukraine"
680,681,,United Arab Emirates,1621603255000.0,23.424076,53.847818,552920,532910,1644,18366,,,United Arab Emirates
681,682,Anguilla,United Kingdom,1621603255000.0,18.2206,-63.0686,109,107,0,2,,,"Anguilla, United Kingdom"
682,683,Bermuda,United Kingdom,1621603255000.0,32.3078,-64.7505,2483,2366,32,85,,,"Bermuda, United Kingdom"
683,684,British Virgin Islands,United Kingdom,1621603255000.0,18.4207,-64.64,248,209,1,38,,,"British Virgin Islands, United Kingdom"
684,685,Cayman Islands,United Kingdom,1621603255000.0,19.3133,-81.2546,574,554,2,18,,,"Cayman Islands, United Kingdom"
685,686,Channel Islands,United Kingdom,1621603255000.0,49.3723,-2.3644,4059,3956,86,17,,,"Channel Islands, United Kingdom"
686,687,England,United Kingdom,1621603255000.0,52.3555,-1.1743,3890081,0,112324,3777757,,,"England, United Kingdom"
687,688,Falkland Islands (Malvinas),United Kingdom,1621603255000.0,-51.7963,-59.5236,63,63,0,0,,,"Falkland Islands (Malvinas), United Kingdom"
688,689,Gibraltar,United Kingdom,1621603255000.0,36.1408,-5.3536,4286,4192,94,0,,,"Gibraltar, United Kingdom"
689,690,Isle of Man,United Kingdom,1621603255000.0,54.2361,-4.5481,1591,1558,29,4,,,"Isle of Man, United Kingdom"
690,691,Montserrat,United Kingdom,1621603255000.0,16.742498,-62.187366,20,19,1,0,,,"Montserrat, United Kingdom"
691,692,Northern Ireland,United Kingdom,1621603255000.0,54.7877,-6.4923,121911,0,2152,119759,,,"Northern Ireland, United Kingdom"
692,693,"Saint Helena, Ascension and Tristan da Cunha",United Kingdom,1621603255000.0,-7.9467,-14.3559,4,4,0,0,,,"Saint Helena, Ascension and Tristan da Cunha, United Kingdom"
693,694,Scotland,United Kingdom,1621603255000.0,56.4907,-4.2026,230868,0,7664,223204,,,"Scotland, United Kingdom"
694,695,Turks and Caicos Islands,United Kingdom,1621603255000.0,21.694,-71.7979,2407,2379,17,11,,,"Turks and Caicos Islands, United Kingdom"
695,696,Unknown,United Kingdom,1621603255000.0,,,0,0,0,0,,,"Unknown, United Kingdom"
696,697,Wales,United Kingdom,1621603255000.0,52.1307,-3.7837,212361,0,5561,206800,,,"Wales, United Kingdom"
697,698,,Uruguay,1621603255000.0,-32.5228,-55.7658,253941,219277,3691,30973,,,Uruguay
698,699,,Uzbekistan,1621603255000.0,41.377491,64.585262,97856,93339,678,3839,,,Uzbekistan
699,700,,Vanuatu,1621603255000.0,-15.3767,166.9592,4,3,1,0,,,Vanuatu
700,701,,Venezuela,1621603255000.0,6.4238,-66.5897,219864,203523,2465,13876,,,Venezuela
701,702,,Vietnam,1621603255000.0,14.058324,108.277199,4941,2689,41,2211,,,Vietnam
702,703,,West Bank and Gaza,1621603255000.0,31.9522,35.2332,304532,295643,3448,5441,,,West Bank and Gaza
703,704,,Yemen,1621603255000.0,15.552727,48.516388,6613,3159,1301,2153,,,Yemen
704,705,,Zambia,1621603255000.0,-13.133897,27.849332,92920,91019,1266,635,,,Zambia
705,706,,Zimbabwe,1621603255000.0,-19.015438,29.154857,38635,36427,1585,623,,,Zimbabwe
706,707,Mississippi,US,1621603255000.0,32.741646,-89.678696,316167,0,7278,0,,28,"Mississippi, US"
707,708,Grand Princess,US,1596508076000.0,37.64894,-122.665479,103,0,3,0,,,"Grand Princess, US"
708,709,Oklahoma,US,1621603255000.0,35.565342,-96.928917,451645,0,6918,0,,40,"Oklahoma, US"
709,710,Delaware,US,1621603255000.0,39.318523,-75.507141,108031,0,1652,0,,10,"Delaware, US"
710,711,Minnesota,US,1621603255000.0,45.694454,-93.900192,597052,0,7426,0,,27,"Minnesota, US"
711,712,Illinois,US,1621603255000.0,40.349457,-88.986137,1371791,0,24913,0,,17,"Illinois, US"
712,713,Arkansas,US,1621603255000.0,34.969704,-92.373123,339662,0,5808,0,,05,"Arkansas, US"
713,714,New Mexico,US,1621603255000.0,34.840515,-106.248482,201695,0,4126,0,,35,"New Mexico, US"
714,715,Indiana,US,1621603255000.0,39.849426,-86.258278,738173,0,13525,0,,18,"Indiana, US"
715,716,Louisiana,US,1621603255000.0,31.169546,-91.867805,467475,0,10517,0,,22,"Louisiana, US"
716,717,Texas,US,1621603255000.0,31.054487,-97.563461,2938307,0,51128,0,,48,"Texas, US"
717,718,Wisconsin,US,1621603255000.0,44.268543,-89.616508,671445,0,7734,0,,55,"Wisconsin, US"
718,719,Kansas,US,1621603255000.0,38.5266,-96.726486,314086,0,5054,0,,20,"Kansas, US"
719,720,Recovered,US,1621603255000.0,0.0,0.0,0,0,0,0,,,"Recovered, US"
720,721,American Samoa,US,,-14.271,-170.132,0,0,0,0,,,"American Samoa, US"
721,722,Connecticut,US,1621603255000.0,41.597782,-72.755371,346154,0,8208,0,,09,"Connecticut, US"
722,723,Virgin Islands,US,1621603255000.0,18.3358,-64.8963,3308,0,27,0,,,"Virgin Islands, US"
723,724,California,US,1621603255000.0,36.116203,-119.681564,3774378,0,62817,0,,06,"California, US"
724,725,Puerto Rico,US,1621603255000.0,18.2208,-66.5901,137342,0,2466,0,,72,"Puerto Rico, US"
725,726,Georgia,US,1621603255000.0,33.040619,-83.643074,1118308,0,20591,0,,13,"Georgia, US"
726,727,North Dakota,US,1621603255000.0,47.528912,-99.784012,109440,0,1537,0,,38,"North Dakota, US"
727,728,Pennsylvania,US,1621603255000.0,40.590752,-77.209755,1192678,0,26924,0,,42,"Pennsylvania, US"
728,729,West Virginia,US,1621603255000.0,38.491226,-80.954453,159450,0,2769,0,,54,"West Virginia, US"
729,730,Alaska,US,1621603255000.0,61.370716,-152.404419,69835,0,369,0,,02,"Alaska, US"
730,731,Tennessee,US,1621603255000.0,35.747845,-86.692345,859701,0,12364,0,,47,"Tennessee, US"
731,732,United States Virgin Islands,US,,18.35,-64.933,0,0,0,0,,,"United States Virgin Islands, US"
732,733,Missouri,US,1621603255000.0,38.456085,-92.288368,602272,0,9415,0,,29,"Missouri, US"
733,734,South Dakota,US,1621603255000.0,44.299782,-99.438828,123877,0,2001,0,,46,"South Dakota, US"
734,735,Colorado,US,1621603255000.0,39.059811,-105.311104,535316,0,6478,0,,08,"Colorado, US"
735,736,New Jersey,US,1621603255000.0,40.298904,-74.521011,1012757,0,26053,0,,34,"New Jersey, US"
736,737,Guam,US,1621603255000.0,13.4443,144.7937,8131,0,139,0,,,"Guam, US"
737,738,Washington,US,1621603255000.0,47.400902,-121.490494,425848,0,5690,0,,53,"Washington, US"
738,739,New York,US,1621603255000.0,42.165726,-74.948051,2091342,0,53070,0,,36,"New York, US"
739,740,Nevada,US,1621603255000.0,38.313515,-117.055374,322018,0,5550,0,,32,"Nevada, US"
740,741,Northern Mariana Islands,US,1621603255000.0,15.0979,145.6739,176,0,2,0,,,"Northern Mariana Islands, US"
741,742,Diamond Princess,US,1596508076000.0,35.4437,139.638,49,0,0,0,,,"Diamond Princess, US"
742,743,Maryland,US,1621603255000.0,39.063946,-76.802101,457084,0,8959,0,,24,"Maryland, US"
743,744,Idaho,US,1621603255000.0,44.240459,-114.478828,190900,0,2080,0,,16,"Idaho, US"
744,745,Wyoming,US,1621603255000.0,42.755966,-107.30249,59590,0,713,0,,56,"Wyoming, US"
745,746,Arizona,US,1621603255000.0,33.729759,-111.431221,875195,0,17509,0,,04,"Arizona, US"
746,747,Iowa,US,1621603255000.0,42.011539,-93.210526,370330,0,6025,0,,19,"Iowa, US"
747,748,Michigan,US,1621603255000.0,43.326618,-84.536095,983970,0,20013,0,,26,"Michigan, US"
748,749,Utah,US,1621603255000.0,40.150032,-111.862434,403684,0,2279,0,,49,"Utah, US"
749,750,Virginia,US,1621603255000.0,37.769337,-78.169968,671916,0,11068,0,,51,"Virginia, US"
750,751,Oregon,US,1621603255000.0,44.572021,-122.070938,197356,0,2606,0,,41,"Oregon, US"
751,752,Montana,US,1621603255000.0,46.921925,-110.454353,111025,0,1604,0,,30,"Montana, US"
752,753,New Hampshire,US,1621603255000.0,43.452492,-71.563896,98091,0,1341,0,,33,"New Hampshire, US"
753,754,Massachusetts,US,1621603255000.0,42.230171,-71.530106,703897,0,17802,0,,25,"Massachusetts, US"
754,755,South Carolina,US,1621603255000.0,33.856892,-80.945007,589846,0,9669,0,,45,"South Carolina, US"
755,756,Vermont,US,1621603255000.0,44.045876,-72.710686,24026,0,255,0,,50,"Vermont, US"
756,757,Florida,US,1621603255000.0,27.766279,-81.686783,2302489,0,36347,0,,12,"Florida, US"
757,758,Hawaii,US,1621603255000.0,21.094318,-157.498337,35665,0,492,0,,15,"Hawaii, US"
758,759,Kentucky,US,1621603255000.0,37.66814,-84.670067,454609,0,6693,0,,21,"Kentucky, US"
759,760,Rhode Island,US,1621603255000.0,41.680893,-71.51178,150948,0,2703,0,,44,"Rhode Island, US"
760,761,Nebraska,US,1621603255000.0,41.12537,-98.268082,222780,0,2240,0,,31,"Nebraska, US"
761,762,Ohio,US,1621603255000.0,40.388783,-82.764915,1094742,0,19628,0,,39,"Ohio, US"
762,763,Alabama,US,1621603255000.0,32.3182,-86.9023,541230,0,11077,0,,01,"Alabama, US"
763,764,North Carolina,US,1621603255000.0,35.630066,-79.806419,994734,0,12950,0,,37,"North Carolina, US"
764,765,District of Columbia,US,1621603255000.0,38.897438,-77.026817,48662,0,1125,0,,11,"District of Columbia, US"
765,766,Maine,US,1621603255000.0,44.693947,-69.381927,66705,0,818,0,,23,"Maine, US"
